organization;key;uuid;name;long_name;path
brave;brave_brave-core:build/commands/lib/pylint.js;AXmvYmZ04HoIg1AI_2An;pylint.js;build/commands/lib/pylint.js;build/commands/lib/pylint.js
brave;brave_brave-core:components/brave_wallet_ui/common/hooks/explorer.test.tsx;AYEqzszJEZiozXNPZKhi;explorer.test.tsx;components/brave_wallet_ui/common/hooks/explorer.test.tsx;components/brave_wallet_ui/common/hooks/explorer.test.tsx
brave;brave_brave-core:build/commands/scripts/commands.js;AXkyHukALDJWbol0t9jX;commands.js;build/commands/scripts/commands.js;build/commands/scripts/commands.js
brave;brave_brave-core:components/skus/browser/rs/wasm/pkg/index.js;AX5dHb1c3IN1Cdx6hq8_;index.js;components/skus/browser/rs/wasm/pkg/index.js;components/skus/browser/rs/wasm/pkg/index.js
brave;brave_brave-core:components/brave_wallet_ui/common/wallet_api_proxy.ts;AX0JzmMyV7Xm4K9Tr3dq;wallet_api_proxy.ts;components/brave_wallet_ui/common/wallet_api_proxy.ts;components/brave_wallet_ui/common/wallet_api_proxy.ts
brave;brave_brave-core:components/brave_wallet_ui/utils/solana-instruction-utils.ts;AYGH6WRqXTJqntDAWxoG;solana-instruction-utils.ts;components/brave_wallet_ui/utils/solana-instruction-utils.ts;components/brave_wallet_ui/utils/solana-instruction-utils.ts
brave;brave_brave-core:components/playlist/resources/constants/playlist_types.ts;AYIVZIN6GLbEQiI6YYeY;playlist_types.ts;components/playlist/resources/constants/playlist_types.ts;components/playlist/resources/constants/playlist_types.ts
brave;brave_brave-core:components/brave_rewards/resources/internals/brave_rewards_internals.tsx;AXCqlRljsJcONJe09tMq;brave_rewards_internals.tsx;components/brave_rewards/resources/internals/brave_rewards_internals.tsx;components/brave_rewards/resources/internals/brave_rewards_internals.tsx
brave;brave_brave-core:components/brave_wallet_ui/components/shared/solana-transaction-instruction/solana-transaction-instruction.tsx;AYGH6WRqXTJqntDAWxoD;solana-transaction-instruction.tsx;components/brave_wallet_ui/components/shared/solana-transaction-instruction/solana-transaction-instruction.tsx;components/brave_wallet_ui/components/shared/solana-transaction-instruction/solana-transaction-instruction.tsx
brave;brave_brave-core:build/commands/lib/pushL10n.js;AXkyHuj_LDJWbol0t9jP;pushL10n.js;build/commands/lib/pushL10n.js;build/commands/lib/pushL10n.js
brave;brave_brave-core:components/brave_wallet_ui/components/desktop/line-chart/custom-reference-dot.tsx;AYA-RTrOTBPgKLwKYVvn;custom-reference-dot.tsx;components/brave_wallet_ui/components/desktop/line-chart/custom-reference-dot.tsx;components/brave_wallet_ui/components/desktop/line-chart/custom-reference-dot.tsx
brave;brave_brave-core:components/playlist/resources/components/app.tsx;AYIVZIN6GLbEQiI6YYeP;app.tsx;components/playlist/resources/components/app.tsx;components/playlist/resources/components/app.tsx
brave;brave_brave-core:components/brave_wallet_ui/components/extension/sign-panel/sign-transaction-panel.tsx;AYGH6WRqXTJqntDAWxoA;sign-transaction-panel.tsx;components/brave_wallet_ui/components/extension/sign-panel/sign-transaction-panel.tsx;components/brave_wallet_ui/components/extension/sign-panel/sign-transaction-panel.tsx
brave;brave_brave-core:components/playlist/resources/apiEventsToStore.ts;AYIVZIN6GLbEQiI6YYeS;apiEventsToStore.ts;components/playlist/resources/apiEventsToStore.ts;components/playlist/resources/apiEventsToStore.ts
brave;brave_brave-core:tools/perf/components/perf_profile.py;AYPDiVBxDK5cikcniH51;perf_profile.py;tools/perf/components/perf_profile.py;tools/perf/components/perf_profile.py
brave;brave_brave-core:tools/perf/components/browser_binary_fetcher.py;AYPDiVBxDK5cikcniH50;browser_binary_fetcher.py;tools/perf/components/browser_binary_fetcher.py;tools/perf/components/browser_binary_fetcher.py
brave;brave_brave-core:components/brave_wallet_ui/common/hardware/trezor/trezor-command-handler.ts;AX1xOU0B0-3U_hIcv5FW;trezor-command-handler.ts;components/brave_wallet_ui/common/hardware/trezor/trezor-command-handler.ts;components/brave_wallet_ui/common/hardware/trezor/trezor-command-handler.ts
brave;brave_brave-core:components/brave_wallet_ui/components/desktop/portfolio-transaction-item/index.tsx;AXkCSdpDfXlqeu8ZT50i;index.tsx;components/brave_wallet_ui/components/desktop/portfolio-transaction-item/index.tsx;components/brave_wallet_ui/components/desktop/portfolio-transaction-item/index.tsx
brave;brave_brave-core:components/brave_wallet_ui/common/hardware/ledgerjs/eth_ledger_bridge_keyring.ts;AX1xOU0B0-3U_hIcv5FY;eth_ledger_bridge_keyring.ts;components/brave_wallet_ui/common/hardware/ledgerjs/eth_ledger_bridge_keyring.ts;components/brave_wallet_ui/common/hardware/ledgerjs/eth_ledger_bridge_keyring.ts
brave;brave_brave-core:components/brave_new_tab_ui/containers/newTab/settings/backgroundImage.tsx;AXJyUjiATkvmzAYVDyOd;backgroundImage.tsx;components/brave_new_tab_ui/containers/newTab/settings/backgroundImage.tsx;components/brave_new_tab_ui/containers/newTab/settings/backgroundImage.tsx
brave;brave_brave-core:components/brave_wallet_ui/common/hooks/swap.ts;AXwvcpyxDoMJqJkAM3bY;swap.ts;components/brave_wallet_ui/common/hooks/swap.ts;components/brave_wallet_ui/common/hooks/swap.ts
brave;brave_brave-core:components/brave_rewards/resources/rewards_panel/lib/rewards_panel_extension_proxy.ts;AYHeTUKpF1vZnhgwqk-j;rewards_panel_extension_proxy.ts;components/brave_rewards/resources/rewards_panel/lib/rewards_panel_extension_proxy.ts;components/brave_rewards/resources/rewards_panel/lib/rewards_panel_extension_proxy.ts
brave;brave_brave-core:components/brave_wallet_ui/components/extension/post-confirmation/failed/failed.tsx;AYE8OtNjI4tF7m0WN1tu;failed.tsx;components/brave_wallet_ui/components/extension/post-confirmation/failed/failed.tsx;components/brave_wallet_ui/components/extension/post-confirmation/failed/failed.tsx
brave;brave_brave-core:components/brave_new_tab_ui/containers/newTab/index.tsx;AXCqlRlksJcONJe09tQ-;index.tsx;components/brave_new_tab_ui/containers/newTab/index.tsx;components/brave_new_tab_ui/containers/newTab/index.tsx
brave;brave_brave-core:components/brave_wallet_ui/page/screens/onboarding/restore-from-recovery-phrase/restore-from-recovery-phrase.tsx;AYKTnmi19WgEqfdzpZFY;restore-from-recovery-phrase.tsx;components/brave_wallet_ui/page/screens/onboarding/restore-from-recovery-phrase/restore-from-recovery-phrase.tsx;components/brave_wallet_ui/page/screens/onboarding/restore-from-recovery-phrase/restore-from-recovery-phrase.tsx
brave;brave_brave-core:components/brave_wallet_ui/page/screens/onboarding/restore-from-recovery-phrase/recovery-input.tsx;AYKTnmi19WgEqfdzpZFZ;recovery-input.tsx;components/brave_wallet_ui/page/screens/onboarding/restore-from-recovery-phrase/recovery-input.tsx;components/brave_wallet_ui/page/screens/onboarding/restore-from-recovery-phrase/recovery-input.tsx
brave;brave_brave-core:browser/resources/settings/brave_privacy_page/brave_personalization_options.ts;AYPTw5kKBQUzNK12OxED;brave_personalization_options.ts;browser/resources/settings/brave_privacy_page/brave_personalization_options.ts;browser/resources/settings/brave_privacy_page/brave_personalization_options.ts
brave;brave_brave-core:browser/resources/settings/brave_wallet_page/brave_wallet_page.ts;AYPTw5kKBQUzNK12OxDj;brave_wallet_page.ts;browser/resources/settings/brave_wallet_page/brave_wallet_page.ts;browser/resources/settings/brave_wallet_page/brave_wallet_page.ts
brave;brave_brave-core:browser/resources/settings/brave_ipfs_page/brave_ipfs_browser_proxy.js;AXd6BYobmR8wXoZXKknl;brave_ipfs_browser_proxy.js;browser/resources/settings/brave_ipfs_page/brave_ipfs_browser_proxy.js;browser/resources/settings/brave_ipfs_page/brave_ipfs_browser_proxy.js
brave;brave_brave-core:browser/resources/federated_internals/federated_internals.js;AYADrleRYSQR7CVnJ1jw;federated_internals.js;browser/resources/federated_internals/federated_internals.js;browser/resources/federated_internals/federated_internals.js
brave;brave_brave-core:android/java/res/layout/activity_buy_send_swap.xml;AXrtkIiTBBqHRvKMsEMy;activity_buy_send_swap.xml;android/java/res/layout/activity_buy_send_swap.xml;android/java/res/layout/activity_buy_send_swap.xml
brave;brave_brave-core:browser/resources/settings/brave_wallet_page/wallet_networks_list.ts;AYPTw5kKBQUzNK12OxDm;wallet_networks_list.ts;browser/resources/settings/brave_wallet_page/wallet_networks_list.ts;browser/resources/settings/brave_wallet_page/wallet_networks_list.ts
brave;brave_brave-core:browser/resources/settings/brave_wallet_page/wallet_networks_subpage.ts;AYPTw5kKBQUzNK12OxDl;wallet_networks_subpage.ts;browser/resources/settings/brave_wallet_page/wallet_networks_subpage.ts;browser/resources/settings/brave_wallet_page/wallet_networks_subpage.ts
brave;brave_brave-core:browser/resources/settings/brave_wallet_page/add_wallet_network_dialog.ts;AYPTw5kKBQUzNK12OxDk;add_wallet_network_dialog.ts;browser/resources/settings/brave_wallet_page/add_wallet_network_dialog.ts;browser/resources/settings/brave_wallet_page/add_wallet_network_dialog.ts
brave;brave_brave-core:components/brave_wallet_ui/common/hooks/use-multi-chain-buy-assets.ts;AYKTnmi29WgEqfdzpZGG;use-multi-chain-buy-assets.ts;components/brave_wallet_ui/common/hooks/use-multi-chain-buy-assets.ts;components/brave_wallet_ui/common/hooks/use-multi-chain-buy-assets.ts
brave;brave_brave-core:components/brave_wallet/resources/solana_provider.js;AX_WSYwDa1eFpkPK4m3d;solana_provider.js;components/brave_wallet/resources/solana_provider.js;components/brave_wallet/resources/solana_provider.js
brave;brave_brave-core:android/xml_processor.py;AXzyL-u8tT4REnUzEBHx;xml_processor.py;android/xml_processor.py;android/xml_processor.py
brave;brave_brave-core:browser/resources/settings/brave_overrides/privacy_page.ts;AYPTw5kKBQUzNK12OxDU;privacy_page.ts;browser/resources/settings/brave_overrides/privacy_page.ts;browser/resources/settings/brave_overrides/privacy_page.ts
brave;brave_brave-core:components/brave_wallet_ui/components/market-datatable/index.tsx;AYK0siFjuEuOkZpYIiTS;index.tsx;components/brave_wallet_ui/components/market-datatable/index.tsx;components/brave_wallet_ui/components/market-datatable/index.tsx
brave;brave_brave-core:build/commands/scripts/lint.py;AXObQYd1H4vouwHhhPg3;lint.py;build/commands/scripts/lint.py;build/commands/scripts/lint.py
brave;brave_brave-core:browser/resources/settings/brave_search_engines_page/brave_search_engines_page.html;AXt1su-8lnrhHZt0x2GD;brave_search_engines_page.html;browser/resources/settings/brave_search_engines_page/brave_search_engines_page.html;browser/resources/settings/brave_search_engines_page/brave_search_engines_page.html
brave;brave_brave-core:components/brave_wallet_ui/components/extension/confirm-transaction-panel/transaction-info.tsx;AYABJkMayG0n4wQQEd-o;transaction-info.tsx;components/brave_wallet_ui/components/extension/confirm-transaction-panel/transaction-info.tsx;components/brave_wallet_ui/components/extension/confirm-transaction-panel/transaction-info.tsx
brave;brave_brave-core:browser/resources/settings/brave_overrides/index.ts;AYPTw5kKBQUzNK12OxDZ;index.ts;browser/resources/settings/brave_overrides/index.ts;browser/resources/settings/brave_overrides/index.ts
brave;brave_brave-core:components/brave_wallet_ui/common/hooks/use-pending-transaction.ts;AYABJkMayG0n4wQQEd-p;use-pending-transaction.ts;components/brave_wallet_ui/common/hooks/use-pending-transaction.ts;components/brave_wallet_ui/common/hooks/use-pending-transaction.ts
brave;brave_brave-core:components/brave_wallet_ui/page/screens/restore-wallet/restore-wallet.tsx;AYKTnmi19WgEqfdzpZGB;restore-wallet.tsx;components/brave_wallet_ui/page/screens/restore-wallet/restore-wallet.tsx;components/brave_wallet_ui/page/screens/restore-wallet/restore-wallet.tsx
brave;brave_brave-core:components/brave_wallet_ui/utils/hex-utils.ts;AXwR2oubY9mZtd5FV873;hex-utils.ts;components/brave_wallet_ui/utils/hex-utils.ts;components/brave_wallet_ui/utils/hex-utils.ts
brave;brave_brave-core:components/brave_wallet_ui/common/hooks/send.ts;AXyHYzx6wEd6DewaRUlA;send.ts;components/brave_wallet_ui/common/hooks/send.ts;components/brave_wallet_ui/common/hooks/send.ts
brave;brave_brave-core:jest.config.js;AXObQYd4H4vouwHhhPg8;jest.config.js;jest.config.js;jest.config.js
brave;brave_brave-core:browser/resources/settings/brave_overrides/basic_page.ts;AYPTw5kKBQUzNK12OxDH;basic_page.ts;browser/resources/settings/brave_overrides/basic_page.ts;browser/resources/settings/brave_overrides/basic_page.ts
brave;brave_brave-core:components/brave_wallet_ui/utils/string-utils.ts;AXw0gyZ9g2TjytvPnY8y;string-utils.ts;components/brave_wallet_ui/utils/string-utils.ts;components/brave_wallet_ui/utils/string-utils.ts
brave;brave_brave-core:components/brave_wallet_ui/utils/recovery-phrase-utils.ts;AYOjyy4VEY6BvK7DrZUi;recovery-phrase-utils.ts;components/brave_wallet_ui/utils/recovery-phrase-utils.ts;components/brave_wallet_ui/utils/recovery-phrase-utils.ts
brave;brave_brave-core:browser/resources/settings/brave_overrides/site_settings_page.ts;AYPTw5kKBQUzNK12OxDG;site_settings_page.ts;browser/resources/settings/brave_overrides/site_settings_page.ts;browser/resources/settings/brave_overrides/site_settings_page.ts
brave;brave_brave-core:browser/resources/settings/brave_overrides/import_data_dialog.ts;AYPTw5kKBQUzNK12OxDN;import_data_dialog.ts;browser/resources/settings/brave_overrides/import_data_dialog.ts;browser/resources/settings/brave_overrides/import_data_dialog.ts
brave;brave_brave-core:browser/resources/settings/brave_routes.ts;AYPTw5kKBQUzNK12OxD1;brave_routes.ts;browser/resources/settings/brave_routes.ts;browser/resources/settings/brave_routes.ts
brave;brave_brave-core:components/brave_wallet_ui/common/hooks/send.test.tsx;AYAGB-8G8EiaMu0UIfUY;send.test.tsx;components/brave_wallet_ui/common/hooks/send.test.tsx;components/brave_wallet_ui/common/hooks/send.test.tsx
brave;brave_brave-core:components/brave_wallet_ui/components/shared/style.tsx;AYAe10q-0-xOW0UNISKD;style.tsx;components/brave_wallet_ui/components/shared/style.tsx;components/brave_wallet_ui/components/shared/style.tsx
brave;brave_brave-core:components/brave_wallet_ui/components/desktop/popup-modals/account-settings-modal/account-settings-modal.tsx;AYJb32D6EDhe1JczsC_p;account-settings-modal.tsx;components/brave_wallet_ui/components/desktop/popup-modals/account-settings-modal/account-settings-modal.tsx;components/brave_wallet_ui/components/desktop/popup-modals/account-settings-modal/account-settings-modal.tsx
brave;brave_brave-core:components/brave_rewards/resources/shared/components/notifications/monthly_contribution_failed.tsx;AXuXuLu3TJEerkVsPpKG;monthly_contribution_failed.tsx;components/brave_rewards/resources/shared/components/notifications/monthly_contribution_failed.tsx;components/brave_rewards/resources/shared/components/notifications/monthly_contribution_failed.tsx
brave;brave_brave-core:build/rust/run_cxxbridge.py;AX5dHb1d3IN1Cdx6hq9D;run_cxxbridge.py;build/rust/run_cxxbridge.py;build/rust/run_cxxbridge.py
brave;brave_brave-core:components/brave_rewards/resources/shared/components/notifications/pending_tip_failed.tsx;AXuXuLu3TJEerkVsPpKC;pending_tip_failed.tsx;components/brave_rewards/resources/shared/components/notifications/pending_tip_failed.tsx;components/brave_rewards/resources/shared/components/notifications/pending_tip_failed.tsx
brave;brave_brave-core:script/generate-tsconfig.py;AXw1SLcHmAJVv7BIb9Sn;generate-tsconfig.py;script/generate-tsconfig.py;script/generate-tsconfig.py
brave;brave_brave-core:components/brave_wallet_ui/components/shared/password-input/password-strength-bar.styles.ts;AYKTnmi19WgEqfdzpZE7;password-strength-bar.styles.ts;components/brave_wallet_ui/components/shared/password-input/password-strength-bar.styles.ts;components/brave_wallet_ui/components/shared/password-input/password-strength-bar.styles.ts
brave;brave_brave-core:components/brave_wallet_ui/components/shared/password-input/password-strength-bar.tsx;AYKTnmi19WgEqfdzpZE8;password-strength-bar.tsx;components/brave_wallet_ui/components/shared/password-input/password-strength-bar.tsx;components/brave_wallet_ui/components/shared/password-input/password-strength-bar.tsx
brave;brave_brave-core:components/brave_rewards/resources/ui/components/categoryLikePicker/index.tsx;AXCqlRlisJcONJe09tIf;index.tsx;components/brave_rewards/resources/ui/components/categoryLikePicker/index.tsx;components/brave_rewards/resources/ui/components/categoryLikePicker/index.tsx
brave;brave_brave-core:components/brave_wallet_ui/stories/locale.ts;AXwzONLYiXOsm5cmi278;locale.ts;components/brave_wallet_ui/stories/locale.ts;components/brave_wallet_ui/stories/locale.ts
brave;brave_brave-core:components/brave_new_tab_ui/containers/newTab/settings/braveToday/useManageDirectFeeds.ts;AX5-OWA2dQA8Ism5MAB9;useManageDirectFeeds.ts;components/brave_new_tab_ui/containers/newTab/settings/braveToday/useManageDirectFeeds.ts;components/brave_new_tab_ui/containers/newTab/settings/braveToday/useManageDirectFeeds.ts
brave;brave_brave-core:components/brave_vpn/resources/panel/state/reducer.ts;AXyZOSQ9WmlZnWv1i4xr;reducer.ts;components/brave_vpn/resources/panel/state/reducer.ts;components/brave_vpn/resources/panel/state/reducer.ts
brave;brave_brave-core:components/brave_wallet_ui/components/shared/buy-option/buy-asset-option.tsx;AYKTnmi19WgEqfdzpZE0;buy-asset-option.tsx;components/brave_wallet_ui/components/shared/buy-option/buy-asset-option.tsx;components/brave_wallet_ui/components/shared/buy-option/buy-asset-option.tsx
brave;brave_brave-core:android/java/res/values/brave_colors.xml;AXCqlRlmsJcONJe09tZI;brave_colors.xml;android/java/res/values/brave_colors.xml;android/java/res/values/brave_colors.xml
brave;brave_brave-core:components/brave_wallet_ui/components/shared/checkbox/checkbox.style.tsx;AYKTnmi19WgEqfdzpZE3;checkbox.style.tsx;components/brave_wallet_ui/components/shared/checkbox/checkbox.style.tsx;components/brave_wallet_ui/components/shared/checkbox/checkbox.style.tsx
brave;brave_brave-core:components/brave_vpn/resources/panel/components/select-region-list/index.tsx;AXxekuvV7Wma6le5EFkz;index.tsx;components/brave_vpn/resources/panel/components/select-region-list/index.tsx;components/brave_vpn/resources/panel/components/select-region-list/index.tsx
brave;brave_brave-core:browser/resources/settings/pin_shortcut_page/pin_shortcut_page.html;AYOJeTSoOp-22dCY_aev;pin_shortcut_page.html;browser/resources/settings/pin_shortcut_page/pin_shortcut_page.html;browser/resources/settings/pin_shortcut_page/pin_shortcut_page.html
brave;brave_brave-core:browser/resources/settings/pin_shortcut_page/pin_shortcut_page_browser_proxy.js;AYOJeTSoOp-22dCY_aet;pin_shortcut_page_browser_proxy.js;browser/resources/settings/pin_shortcut_page/pin_shortcut_page_browser_proxy.js;browser/resources/settings/pin_shortcut_page/pin_shortcut_page_browser_proxy.js
brave;brave_brave-core:components/brave_rewards/resources/page/components/connect_wallet_modal.tsx;AXnIjj5gYEEh9GTSxTwm;connect_wallet_modal.tsx;components/brave_rewards/resources/page/components/connect_wallet_modal.tsx;components/brave_rewards/resources/page/components/connect_wallet_modal.tsx
brave;brave_brave-core:components/brave_wallet_ui/components/shared/tooltip/style.ts;AXoLu4KOAwYs4M7W00lI;style.ts;components/brave_wallet_ui/components/shared/tooltip/style.ts;components/brave_wallet_ui/components/shared/tooltip/style.ts
brave;brave_brave-core:components/brave_shields/resources/panel/components/tree-list/url-element.tsx;AX9hXvNspaHZ15FD1Yi0;url-element.tsx;components/brave_shields/resources/panel/components/tree-list/url-element.tsx;components/brave_shields/resources/panel/components/tree-list/url-element.tsx
brave;brave_brave-core:components/brave_wallet_ui/page/constants/action_types.ts;AXlc9PsWJMyDOHohwGT3;action_types.ts;components/brave_wallet_ui/page/constants/action_types.ts;components/brave_wallet_ui/page/constants/action_types.ts
brave;brave_brave-core:components/brave_wallet_ui/components/shared/create-network-icon/index.tsx;AX7aTYp_aaBp2JXS9bDg;index.tsx;components/brave_wallet_ui/components/shared/create-network-icon/index.tsx;components/brave_wallet_ui/components/shared/create-network-icon/index.tsx
brave;brave_brave-core:components/brave_wallet_ui/components/desktop/line-chart/index.tsx;AXjWEBPrxezr3aprKk9J;index.tsx;components/brave_wallet_ui/components/desktop/line-chart/index.tsx;components/brave_wallet_ui/components/desktop/line-chart/index.tsx
brave;brave_brave-core:browser/resources/settings/brave_wallet_page/wallet_networks_subpage.html;AXy89f5kZESrhV4DgxIb;wallet_networks_subpage.html;browser/resources/settings/brave_wallet_page/wallet_networks_subpage.html;browser/resources/settings/brave_wallet_page/wallet_networks_subpage.html
brave;brave_brave-core:components/brave_wallet_ui/components/buy-send-swap/swap-input-component/style.ts;AXqwCIr3Har9kiGAv4tj;style.ts;components/brave_wallet_ui/components/buy-send-swap/swap-input-component/style.ts;components/brave_wallet_ui/components/buy-send-swap/swap-input-component/style.ts
brave;brave_brave-core:components/brave_wallet_ui/components/shared/create-placeholder-icon/style.ts;AXy7Ifw1_YPRbDBnJY8K;style.ts;components/brave_wallet_ui/components/shared/create-placeholder-icon/style.ts;components/brave_wallet_ui/components/shared/create-placeholder-icon/style.ts
brave;brave_brave-core:components/brave_wallet_ui/components/buy-send-swap/swap-input-component/index.tsx;AXqwCIr3Har9kiGAv4tk;index.tsx;components/brave_wallet_ui/components/buy-send-swap/swap-input-component/index.tsx;components/brave_wallet_ui/components/buy-send-swap/swap-input-component/index.tsx
brave;brave_brave-core:components/brave_wallet_ui/components/shared/create-placeholder-icon/index.tsx;AXy7Ifw1_YPRbDBnJY8L;index.tsx;components/brave_wallet_ui/components/shared/create-placeholder-icon/index.tsx;components/brave_wallet_ui/components/shared/create-placeholder-icon/index.tsx
brave;brave_brave-core:components/brave_wallet_ui/components/extension/encryption-key-panel/index.tsx;AX8tCHwkjgHl3YXTWgnk;index.tsx;components/brave_wallet_ui/components/extension/encryption-key-panel/index.tsx;components/brave_wallet_ui/components/extension/encryption-key-panel/index.tsx
brave;brave_brave-core:components/brave_rewards/resources/ui/components/thumbLikePicker/index.tsx;AXCqlRlisJcONJe09tKe;index.tsx;components/brave_rewards/resources/ui/components/thumbLikePicker/index.tsx;components/brave_rewards/resources/ui/components/thumbLikePicker/index.tsx
brave;brave_brave-core:components/brave_wallet_ui/components/shared/add-custom-token-form/add-custom-token-form.tsx;AYL4k70DUwikd0VVzP-_;add-custom-token-form.tsx;components/brave_wallet_ui/components/shared/add-custom-token-form/add-custom-token-form.tsx;components/brave_wallet_ui/components/shared/add-custom-token-form/add-custom-token-form.tsx
brave;brave_brave-core:components/brave_wallet_ui/common/hardware/ledgerjs/sol_ledger_bridge_keyring.test.ts;AYG88Y_rrX2VtpE9ZLO3;sol_ledger_bridge_keyring.test.ts;components/brave_wallet_ui/common/hardware/ledgerjs/sol_ledger_bridge_keyring.test.ts;components/brave_wallet_ui/common/hardware/ledgerjs/sol_ledger_bridge_keyring.test.ts
brave;brave_brave-core:components/brave_wallet_ui/common/hardware/ledgerjs/sol_ledger_bridge_keyring.ts;AYG88Y_rrX2VtpE9ZLO4;sol_ledger_bridge_keyring.ts;components/brave_wallet_ui/common/hardware/ledgerjs/sol_ledger_bridge_keyring.ts;components/brave_wallet_ui/common/hardware/ledgerjs/sol_ledger_bridge_keyring.ts
brave;brave_brave-core:script/check_chromium_src.py;AXgiD6i78DZ-9VLfeS_X;check_chromium_src.py;script/check_chromium_src.py;script/check_chromium_src.py
brave;brave_brave-core;AXCNaxlK3t17ABGUIeSN;brave-core;brave-core;
brave;brave_brave-core:components/brave_vpn/resources/panel/stories/mock-data/api.ts;AYAjoWfGF3rg56pYrrjn;api.ts;components/brave_vpn/resources/panel/stories/mock-data/api.ts;components/brave_vpn/resources/panel/stories/mock-data/api.ts
brave;brave_brave-core:browser/resources/settings/brave_privacy_page/brave_privacy_page_browser_proxy.js;AXCqlRllsJcONJe09tU6;brave_privacy_page_browser_proxy.js;browser/resources/settings/brave_privacy_page/brave_privacy_page_browser_proxy.js;browser/resources/settings/brave_privacy_page/brave_privacy_page_browser_proxy.js
brave;brave_brave-core:components/brave_vpn/resources/panel/components/contact-support/index.tsx;AYAjoWfGF3rg56pYrrjl;index.tsx;components/brave_vpn/resources/panel/components/contact-support/index.tsx;components/brave_vpn/resources/panel/components/contact-support/index.tsx
brave;brave_brave-core:components/brave_wallet_ui/components/desktop/popup-modals/add-account-modal/hardware-wallet-connect/types.ts;AXscIZWQgvBR8f1ouMer;types.ts;components/brave_wallet_ui/components/desktop/popup-modals/add-account-modal/hardware-wallet-connect/types.ts;components/brave_wallet_ui/components/desktop/popup-modals/add-account-modal/hardware-wallet-connect/types.ts
brave;brave_brave-core:components/brave_new_tab_ui/components/popupMenu/index.tsx;AX6SRA-wgOKOeDXXVviA;index.tsx;components/brave_new_tab_ui/components/popupMenu/index.tsx;components/brave_new_tab_ui/components/popupMenu/index.tsx
brave;brave_brave-core:components/brave_wallet_ui/components/desktop/popup-modals/add-account-modal/hardware-wallet-connect/accounts-list.tsx;AXscIZWQgvBR8f1ouMep;accounts-list.tsx;components/brave_wallet_ui/components/desktop/popup-modals/add-account-modal/hardware-wallet-connect/accounts-list.tsx;components/brave_wallet_ui/components/desktop/popup-modals/add-account-modal/hardware-wallet-connect/accounts-list.tsx
brave;brave_brave-core:components/web-components/input/index.tsx;AYAjoWfGF3rg56pYrrjp;index.tsx;components/web-components/input/index.tsx;components/web-components/input/index.tsx
brave;brave_brave-core:components/brave_wallet_ui/components/desktop/popup-modals/add-account-modal/hardware-wallet-connect/index.tsx;AXscIZWQgvBR8f1ouMeq;index.tsx;components/brave_wallet_ui/components/desktop/popup-modals/add-account-modal/hardware-wallet-connect/index.tsx;components/brave_wallet_ui/components/desktop/popup-modals/add-account-modal/hardware-wallet-connect/index.tsx
brave;brave_brave-core:build/mac/tweak_info_plist.py;AXCqlRlmsJcONJe09tZw;tweak_info_plist.py;build/mac/tweak_info_plist.py;build/mac/tweak_info_plist.py
brave;brave_brave-core:chromium_src/python_modules/tools/json_schema_compiler/feature_compiler_helper.py;AX6wucb_Aar9w_a4lM9h;feature_compiler_helper.py;chromium_src/python_modules/tools/json_schema_compiler/feature_compiler_helper.py;chromium_src/python_modules/tools/json_schema_compiler/feature_compiler_helper.py
brave;brave_brave-core:components/brave_rewards/resources/internals/components/walletHistory.tsx;AXx0qCE3auDB7WzrSizY;walletHistory.tsx;components/brave_rewards/resources/internals/components/walletHistory.tsx;components/brave_rewards/resources/internals/components/walletHistory.tsx
brave;brave_brave-core:tools/win/generate_breakpad_symbols.py;AXCqlRlmsJcONJe09tZq;generate_breakpad_symbols.py;tools/win/generate_breakpad_symbols.py;tools/win/generate_breakpad_symbols.py
brave;brave_brave-core:components/brave_shields/resources/panel/components/tree-list/tree-node.tsx;AX9hXvNspaHZ15FD1Yiy;tree-node.tsx;components/brave_shields/resources/panel/components/tree-list/tree-node.tsx;components/brave_shields/resources/panel/components/tree-list/tree-node.tsx
brave;brave_brave-core:components/brave_wallet_ui/components/extension/buttons/nav-button/style.ts;AXhMPz0LOI70BsRYZdUB;style.ts;components/brave_wallet_ui/components/extension/buttons/nav-button/style.ts;components/brave_wallet_ui/components/extension/buttons/nav-button/style.ts
brave;brave_brave-core:tools/posix/generate_breakpad_symbols.py;AXCqlRlmsJcONJe09tZo;generate_breakpad_symbols.py;tools/posix/generate_breakpad_symbols.py;tools/posix/generate_breakpad_symbols.py
brave;brave_brave-core:PRESUBMIT.py;AYGBwOoJHv7qLKC3aWQ2;PRESUBMIT.py;PRESUBMIT.py;PRESUBMIT.py
brave;brave_brave-core:components/brave_private_new_tab_ui/resources/page/private_new_tab.html;AYGm6gytWdr4r1mw1ziC;private_new_tab.html;components/brave_private_new_tab_ui/resources/page/private_new_tab.html;components/brave_private_new_tab_ui/resources/page/private_new_tab.html
brave;brave_brave-core:script/chromium_presubmit_overrides.py;AYGBwOoJHv7qLKC3aWQ1;chromium_presubmit_overrides.py;script/chromium_presubmit_overrides.py;script/chromium_presubmit_overrides.py
brave;brave_brave-core:components/brave_wallet_ui/utils/object-utils.test.ts;AYLr5quxRLBfEi8xMMEm;object-utils.test.ts;components/brave_wallet_ui/utils/object-utils.test.ts;components/brave_wallet_ui/utils/object-utils.test.ts
brave;brave_brave-core:components/brave_wallet_ui/stories/wallet-extension-panels.tsx;AXhMPz0LOI70BsRYZdUO;wallet-extension-panels.tsx;components/brave_wallet_ui/stories/wallet-extension-panels.tsx;components/brave_wallet_ui/stories/wallet-extension-panels.tsx
brave;brave_brave-core:components/brave_wallet_ui/nft/components/nft-details/nft-details.tsx;AYJFxakMwtoZflRq8glO;nft-details.tsx;components/brave_wallet_ui/nft/components/nft-details/nft-details.tsx;components/brave_wallet_ui/nft/components/nft-details/nft-details.tsx
brave;brave_brave-core:components/brave_wallet_ui/utils/string-utils.test.ts;AX2iiQ07wakKrVHzovAj;string-utils.test.ts;components/brave_wallet_ui/utils/string-utils.test.ts;components/brave_wallet_ui/utils/string-utils.test.ts
brave;brave_brave-core:components/brave_wallet_ui/panel/container.tsx;AXlc9PsWJMyDOHohwGT_;container.tsx;components/brave_wallet_ui/panel/container.tsx;components/brave_wallet_ui/panel/container.tsx
brave;brave_brave-core:components/brave_wallet_ui/common/async/lib.ts;AXynZJp4LofdjzfSNpBo;lib.ts;components/brave_wallet_ui/common/async/lib.ts;components/brave_wallet_ui/common/async/lib.ts
brave;brave_brave-core:components/common/hashStrings.ts;AXWo5Hli18NU4sH0GdX0;hashStrings.ts;components/common/hashStrings.ts;components/common/hashStrings.ts
brave;brave_brave-core:components/brave_wallet_ui/components/buy-send-swap/create-account/index.tsx;AYDOscJDBWH9f955Shrg;index.tsx;components/brave_wallet_ui/components/buy-send-swap/create-account/index.tsx;components/brave_wallet_ui/components/buy-send-swap/create-account/index.tsx
brave;brave_brave-core:components/common/events.ts;AXWo5Hli18NU4sH0GdX3;events.ts;components/common/events.ts;components/common/events.ts
brave;brave_brave-core:components/brave_wallet_ui/common/hardware/ledgerjs/ledger-messaging-transport.ts;AYI4CXELe9kOfUrk-SFu;ledger-messaging-transport.ts;components/brave_wallet_ui/common/hardware/ledgerjs/ledger-messaging-transport.ts;components/brave_wallet_ui/common/hardware/ledgerjs/ledger-messaging-transport.ts
brave;brave_brave-core:script/lib/changelog.py;AXCqlRllsJcONJe09tVR;changelog.py;script/lib/changelog.py;script/lib/changelog.py
brave;brave_brave-core:components/common/Background.ts;AXWo5Hli18NU4sH0GdX5;Background.ts;components/common/Background.ts;components/common/Background.ts
brave;brave_brave-core:components/brave_wallet_ui/common/hardware/ledgerjs/fil-ledger-untrusted-transport.ts;AYLlWOEMbKnicTKV0D9j;fil-ledger-untrusted-transport.ts;components/brave_wallet_ui/common/hardware/ledgerjs/fil-ledger-untrusted-transport.ts;components/brave_wallet_ui/common/hardware/ledgerjs/fil-ledger-untrusted-transport.ts
brave;brave_brave-core:components/brave_wallet_ui/utils/pricing-utils.test.ts;AYLxImAYmvz5JIGZseT2;pricing-utils.test.ts;components/brave_wallet_ui/utils/pricing-utils.test.ts;components/brave_wallet_ui/utils/pricing-utils.test.ts
brave;brave_brave-core:script/lib/github.py;AXCqlRllsJcONJe09tVL;github.py;script/lib/github.py;script/lib/github.py
brave;brave_brave-core:components/brave_new_tab_ui/stories/regular.tsx;AXgjKp7BZ_gIhQ5Iwk8g;regular.tsx;components/brave_new_tab_ui/stories/regular.tsx;components/brave_new_tab_ui/stories/regular.tsx
brave;brave_brave-core:browser/resources/settings/brave_search_engines_page/brave_search_engines_page_browser_proxy.js;AYFrhpGOTTJWA7I8XY2r;brave_search_engines_page_browser_proxy.js;browser/resources/settings/brave_search_engines_page/brave_search_engines_page_browser_proxy.js;browser/resources/settings/brave_search_engines_page/brave_search_engines_page_browser_proxy.js
brave;brave_brave-core:browser/resources/settings/default_brave_shields_page/brave_adblock_browser_proxy.js;AYEhT4TGCGypHPW1DPB8;brave_adblock_browser_proxy.js;browser/resources/settings/default_brave_shields_page/brave_adblock_browser_proxy.js;browser/resources/settings/default_brave_shields_page/brave_adblock_browser_proxy.js
brave;brave_brave-core:browser/resources/settings/brave_default_extensions_page/brave_default_extensions_browser_proxy.js;AXCqlRllsJcONJe09tUw;brave_default_extensions_browser_proxy.js;browser/resources/settings/brave_default_extensions_page/brave_default_extensions_browser_proxy.js;browser/resources/settings/brave_default_extensions_page/brave_default_extensions_browser_proxy.js
brave;brave_brave-core:browser/resources/settings/default_brave_shields_page/brave_adblock_subpage.html;AYEhT4TGCGypHPW1DPB7;brave_adblock_subpage.html;browser/resources/settings/default_brave_shields_page/brave_adblock_subpage.html;browser/resources/settings/default_brave_shields_page/brave_adblock_subpage.html
brave;brave_brave-core:browser/resources/settings/brave_default_extensions_page/brave_default_extensions_page.js;AXCqlRllsJcONJe09tUv;brave_default_extensions_page.js;browser/resources/settings/brave_default_extensions_page/brave_default_extensions_page.js;browser/resources/settings/brave_default_extensions_page/brave_default_extensions_page.js
brave;brave_brave-core:components/brave_wallet_ui/components/desktop/top-tab-nav/index.tsx;AXiVpsGw6wb1bnzJaYlB;index.tsx;components/brave_wallet_ui/components/desktop/top-tab-nav/index.tsx;components/brave_wallet_ui/components/desktop/top-tab-nav/index.tsx
brave;brave_brave-core:components/brave_wallet_ui/components/desktop/popup-modals/add-account-modal/add-imported-account-modal.tsx;AYDjrBB3rLWdPHJuUEdF;add-imported-account-modal.tsx;components/brave_wallet_ui/components/desktop/popup-modals/add-account-modal/add-imported-account-modal.tsx;components/brave_wallet_ui/components/desktop/popup-modals/add-account-modal/add-imported-account-modal.tsx
brave;brave_brave-core:components/brave_wallet/resources/ethereum_provider.js;AX_cHG4BcddDCukqJjB-;ethereum_provider.js;components/brave_wallet/resources/ethereum_provider.js;components/brave_wallet/resources/ethereum_provider.js
brave;brave_brave-core:script/uplift.py;AXCqlRllsJcONJe09tV1;uplift.py;script/uplift.py;script/uplift.py
brave;brave_brave-core:components/brave_wallet_ui/components/extension/transactions-panel/transactions-panel.stories.tsx;AYPxk-2hSMYayuQr4VrM;transactions-panel.stories.tsx;components/brave_wallet_ui/components/extension/transactions-panel/transactions-panel.stories.tsx;components/brave_wallet_ui/components/extension/transactions-panel/transactions-panel.stories.tsx
brave;brave_brave-core:components/web-components/button/button.module.scss;AX845AKZdUHpwG2Va0q8;button.module.scss;components/web-components/button/button.module.scss;components/web-components/button/button.module.scss
brave;brave_brave-core:browser/resources/settings/brave_tor_page/brave_tor_browser_proxy.js;AYJj9qJjvQZIYxYY1Jdu;brave_tor_browser_proxy.js;browser/resources/settings/brave_tor_page/brave_tor_browser_proxy.js;browser/resources/settings/brave_tor_page/brave_tor_browser_proxy.js
brave;brave_brave-core:components/brave_wallet_ui/common/async/__mocks__/lib.ts;AX--c4IE0hZ2apZZmBSf;lib.ts;components/brave_wallet_ui/common/async/__mocks__/lib.ts;components/brave_wallet_ui/common/async/__mocks__/lib.ts
brave;brave_brave-core:components/brave_wallet_ui/components/desktop/views/portfolio/portfolio-asset.tsx;AYDjrBB3rLWdPHJuUEc7;portfolio-asset.tsx;components/brave_wallet_ui/components/desktop/views/portfolio/portfolio-asset.tsx;components/brave_wallet_ui/components/desktop/views/portfolio/portfolio-asset.tsx
brave;brave_brave-core:components/brave_wallet_ui/components/desktop/select-network-dropdown/index.tsx;AXscaR-dpfYJg1OAROFq;index.tsx;components/brave_wallet_ui/components/desktop/select-network-dropdown/index.tsx;components/brave_wallet_ui/components/desktop/select-network-dropdown/index.tsx
brave;brave_brave-core:components/brave_new_tab_ui/components/default/braveToday/cards/PublisherMeta.tsx;AXWo5Hlh18NU4sH0GdXR;PublisherMeta.tsx;components/brave_new_tab_ui/components/default/braveToday/cards/PublisherMeta.tsx;components/brave_new_tab_ui/components/default/braveToday/cards/PublisherMeta.tsx
brave;brave_brave-core:build/ios/mojom/mojom_objc_generator.py;AXpfnV-ul7093k321jrh;mojom_objc_generator.py;build/ios/mojom/mojom_objc_generator.py;build/ios/mojom/mojom_objc_generator.py
brave;brave_brave-core:components/brave_wallet_ui/components/extension/connect-with-site-panel/index.tsx;AXhMPz0LOI70BsRYZdT-;index.tsx;components/brave_wallet_ui/components/extension/connect-with-site-panel/index.tsx;components/brave_wallet_ui/components/extension/connect-with-site-panel/index.tsx
brave;brave_brave-core:components/brave_rewards/resources/tip/components/tip_complete.tsx;AXUxz9zY5EVuqtm5Gybj;tip_complete.tsx;components/brave_rewards/resources/tip/components/tip_complete.tsx;components/brave_rewards/resources/tip/components/tip_complete.tsx
brave;brave_brave-core:components/brave_new_tab_ui/components/default/braveToday/cards/_articles/cardArticleLarge.tsx;AXWo5Hlh18NU4sH0GdXX;cardArticleLarge.tsx;components/brave_new_tab_ui/components/default/braveToday/cards/_articles/cardArticleLarge.tsx;components/brave_new_tab_ui/components/default/braveToday/cards/_articles/cardArticleLarge.tsx
brave;brave_brave-core:components/common/classnames.test.ts;AX845AKZdUHpwG2Va0q5;classnames.test.ts;components/common/classnames.test.ts;components/common/classnames.test.ts
brave;brave_brave-core:components/common/classnames.ts;AX845AKZdUHpwG2Va0q6;classnames.ts;components/common/classnames.ts;components/common/classnames.ts
brave;brave_brave-core:components/translate/core/browser/resources/brave_translate.js;AYGpTIyO7YicgOesTXB5;brave_translate.js;components/translate/core/browser/resources/brave_translate.js;components/translate/core/browser/resources/brave_translate.js
brave;brave_brave-core:browser/resources/settings/brave_help_tips_page/brave_help_tips_page.html;AXCqlRllsJcONJe09tUZ;brave_help_tips_page.html;browser/resources/settings/brave_help_tips_page/brave_help_tips_page.html;browser/resources/settings/brave_help_tips_page/brave_help_tips_page.html
brave;brave_brave-core:components/brave_wallet_ui/common/hooks/transaction-parser.test.tsx;AYHZWPZV7yL04gAevJeB;transaction-parser.test.tsx;components/brave_wallet_ui/common/hooks/transaction-parser.test.tsx;components/brave_wallet_ui/common/hooks/transaction-parser.test.tsx
brave;brave_brave-core:components/brave_wallet_ui/common/hooks/transaction-parser.ts;AXxe5ZoF5egd77q0MlWS;transaction-parser.ts;components/brave_wallet_ui/common/hooks/transaction-parser.ts;components/brave_wallet_ui/common/hooks/transaction-parser.ts
brave;brave_brave-core:components/brave_wallet_ui/components/extension/transaction-list-item/index.tsx;AX3e5XgVVQ-r2xrfxsX1;index.tsx;components/brave_wallet_ui/components/extension/transaction-list-item/index.tsx;components/brave_wallet_ui/components/extension/transaction-list-item/index.tsx
brave;brave_brave-core:components/brave_new_tab_ui/components/default/braveToday/useScrollIntoView.ts;AXWo5Hlh18NU4sH0GdXi;useScrollIntoView.ts;components/brave_new_tab_ui/components/default/braveToday/useScrollIntoView.ts;components/brave_new_tab_ui/components/default/braveToday/useScrollIntoView.ts
brave;brave_brave-core:browser/resources/settings/brave_wallet_page/brave_wallet_browser_proxy.js;AXeJOoTs3eLtOC7s5ABS;brave_wallet_browser_proxy.js;browser/resources/settings/brave_wallet_page/brave_wallet_browser_proxy.js;browser/resources/settings/brave_wallet_page/brave_wallet_browser_proxy.js
brave;brave_brave-core:build/mac/download_hermetic_xcode.py;AX-1uaRKK61KIp-Q_UkH;download_hermetic_xcode.py;build/mac/download_hermetic_xcode.py;build/mac/download_hermetic_xcode.py
brave;brave_brave-core:components/brave_new_tab_ui/containers/newTab/settings/braveToday/publisherPrefs.tsx;AXWo5Hlh18NU4sH0GdXq;publisherPrefs.tsx;components/brave_new_tab_ui/containers/newTab/settings/braveToday/publisherPrefs.tsx;components/brave_new_tab_ui/containers/newTab/settings/braveToday/publisherPrefs.tsx
brave;brave_brave-core:script/lib/l10n/transifex/api_v3_wrapper.py;AX9M7BLjWr37_CbAR-Tb;api_v3_wrapper.py;script/lib/l10n/transifex/api_v3_wrapper.py;script/lib/l10n/transifex/api_v3_wrapper.py
brave;brave_brave-core:components/brave_rewards/resources/page/components/pageWallet.tsx;AXCqlRlisJcONJe09tGp;pageWallet.tsx;components/brave_rewards/resources/page/components/pageWallet.tsx;components/brave_rewards/resources/page/components/pageWallet.tsx
brave;brave_brave-core:components/brave_rewards/resources/ui/components/profile/style.ts;AXCqlRlisJcONJe09tHO;style.ts;components/brave_rewards/resources/ui/components/profile/style.ts;components/brave_rewards/resources/ui/components/profile/style.ts
brave;brave_brave-core:components/brave_rewards/resources/ui/components/profile/index.tsx;AXCqlRlisJcONJe09tHP;index.tsx;components/brave_rewards/resources/ui/components/profile/index.tsx;components/brave_rewards/resources/ui/components/profile/index.tsx
brave;brave_brave-core:components/brave_new_tab_ui/async/today.ts;AXWo5Hli18NU4sH0GdXx;today.ts;components/brave_new_tab_ui/async/today.ts;components/brave_new_tab_ui/async/today.ts
brave;brave_brave-core:script/lib/l10n/transifex/api_v2_wrapper.py;AX9M7BLjWr37_CbAR-TZ;api_v2_wrapper.py;script/lib/l10n/transifex/api_v2_wrapper.py;script/lib/l10n/transifex/api_v2_wrapper.py
brave;brave_brave-core:components/brave_new_tab_ui/components/default/braveToday/cards/displayAd/index.tsx;AXp_qKIwQrlCAs2awp-H;index.tsx;components/brave_new_tab_ui/components/default/braveToday/cards/displayAd/index.tsx;components/brave_new_tab_ui/components/default/braveToday/cards/displayAd/index.tsx
brave;brave_brave-core:components/brave_rewards/resources/rewards_panel/stories/index.tsx;AXsSB3wtpfYJg1OAnp-r;index.tsx;components/brave_rewards/resources/rewards_panel/stories/index.tsx;components/brave_rewards/resources/rewards_panel/stories/index.tsx
brave;brave_brave-core:components/brave_rewards/resources/page/components/adsBox.tsx;AXCqlRlisJcONJe09tGr;adsBox.tsx;components/brave_rewards/resources/page/components/adsBox.tsx;components/brave_rewards/resources/page/components/adsBox.tsx
brave;brave_brave-core:components/brave_wallet_ui/components/extension/connected-account-item/index.tsx;AXxyOlTauAsgOerI0Ckw;index.tsx;components/brave_wallet_ui/components/extension/connected-account-item/index.tsx;components/brave_wallet_ui/components/extension/connected-account-item/index.tsx
brave;brave_brave-core:components/brave_new_tab_ui/widgets/ftx/ftx_async.ts;AXlr-Q-VCsT1ByAZr2BE;ftx_async.ts;components/brave_new_tab_ui/widgets/ftx/ftx_async.ts;components/brave_new_tab_ui/widgets/ftx/ftx_async.ts
brave;brave_brave-core:script/cargo.py;AXCqlRllsJcONJe09tVp;cargo.py;script/cargo.py;script/cargo.py
brave;brave_brave-core:components/brave_wallet_ui/utils/asset-utils.ts;AYC39PdgZGrHQldplxXW;asset-utils.ts;components/brave_wallet_ui/utils/asset-utils.ts;components/brave_wallet_ui/utils/asset-utils.ts
brave;brave_brave-core:chromium_src/third_party/inspector_protocol/pdl.py;AYODn3pMe23uOPhUZwbP;pdl.py;chromium_src/third_party/inspector_protocol/pdl.py;chromium_src/third_party/inspector_protocol/pdl.py
brave;brave_brave-core:script/build-bisect.py;AXCqlRllsJcONJe09tVs;build-bisect.py;script/build-bisect.py;script/build-bisect.py
brave;brave_brave-core:components/brave_wallet_ui/components/extension/confirm-transaction-panel/confirm-transaction-panel.tsx;AYL2QwK70lKx531VMRcW;confirm-transaction-panel.tsx;components/brave_wallet_ui/components/extension/confirm-transaction-panel/confirm-transaction-panel.tsx;components/brave_wallet_ui/components/extension/confirm-transaction-panel/confirm-transaction-panel.tsx
brave;brave_brave-core:script/lib/l10n/grd_utils.py;AX9M7BLjWr37_CbAR-Te;grd_utils.py;script/lib/l10n/grd_utils.py;script/lib/l10n/grd_utils.py
brave;brave_brave-core:script/brave_license_helper.py;AXCqlRllsJcONJe09tVl;brave_license_helper.py;script/brave_license_helper.py;script/brave_license_helper.py
brave;brave_brave-core:script/lib/l10n/transifex/pull.py;AX9M7BLjWr37_CbAR-Tc;pull.py;script/lib/l10n/transifex/pull.py;script/lib/l10n/transifex/pull.py
brave;brave_brave-core:script/create_installer_archive_helper.py;AXCqlRllsJcONJe09tVj;create_installer_archive_helper.py;script/create_installer_archive_helper.py;script/create_installer_archive_helper.py
brave;brave_brave-core:components/brave_wallet_ui/components/extension/edit-gas/index.tsx;AXwuuTOk15VyeAmKJNoN;index.tsx;components/brave_wallet_ui/components/extension/edit-gas/index.tsx;components/brave_wallet_ui/components/extension/edit-gas/index.tsx
brave;brave_brave-core:script/chromium-rebase-l10n.py;AXCqlRllsJcONJe09tVx;chromium-rebase-l10n.py;script/chromium-rebase-l10n.py;script/chromium-rebase-l10n.py
brave;brave_brave-core:ui/webui/resources/polymer_overriding.js;AXCqlRllsJcONJe09tWX;polymer_overriding.js;ui/webui/resources/polymer_overriding.js;ui/webui/resources/polymer_overriding.js
brave;brave_brave-core:android/preprocess/xml/menu_main_menu_xml.py;AX0xIcIUlr1aAgL7oNLI;menu_main_menu_xml.py;android/preprocess/xml/menu_main_menu_xml.py;android/preprocess/xml/menu_main_menu_xml.py
brave;brave_brave-core:components/webpack/path-map.js;AXw1SLcGmAJVv7BIb9Sl;path-map.js;components/webpack/path-map.js;components/webpack/path-map.js
brave;brave_brave-core:build/mac/generate_sig.py;AXpa4hYYvpRNvHWtYZUB;generate_sig.py;build/mac/generate_sig.py;build/mac/generate_sig.py
brave;brave_brave-core:components/brave_wallet_ui/components/desktop/views/crypto/index.tsx;AXiqNxKV8Tlz0mhWjutZ;index.tsx;components/brave_wallet_ui/components/desktop/views/crypto/index.tsx;components/brave_wallet_ui/components/desktop/views/crypto/index.tsx
brave;brave_brave-core:build/commands/lib/util.js;AXObQYd1H4vouwHhhPgh;util.js;build/commands/lib/util.js;build/commands/lib/util.js
brave;brave_brave-core:build/commands/lib/config.js;AXObQYd1H4vouwHhhPgl;config.js;build/commands/lib/config.js;build/commands/lib/config.js
brave;brave_brave-core:script/repack-archive.py;AX1wqISt9NZ2EdsEgdJk;repack-archive.py;script/repack-archive.py;script/repack-archive.py
brave;brave_brave-core:build/commands/scripts/sync.js;AXObQYd1H4vouwHhhPgy;sync.js;build/commands/scripts/sync.js;build/commands/scripts/sync.js
brave;brave_brave-core:tools/android/generate_breakpad_symbols.py;AXudNgCaGJr1Bqi6z8QN;generate_breakpad_symbols.py;tools/android/generate_breakpad_symbols.py;tools/android/generate_breakpad_symbols.py
brave;brave_brave-core:components/brave_new_tab_ui/storage/new_tab_storage.ts;AXEvXHpsRzm9taVjBHOg;new_tab_storage.ts;components/brave_new_tab_ui/storage/new_tab_storage.ts;components/brave_new_tab_ui/storage/new_tab_storage.ts
brave;brave_brave-core:components/brave_new_tab_ui/components/default/clock/index.tsx;AXCqlRlksJcONJe09tQG;index.tsx;components/brave_new_tab_ui/components/default/clock/index.tsx;components/brave_new_tab_ui/components/default/clock/index.tsx
brave;brave_brave-core:components/brave_wallet_ui/components/desktop/chart-control-bar/chart-control-bar.style.ts;AYPxkpEoaMemyChiUcZH;chart-control-bar.style.ts;components/brave_wallet_ui/components/desktop/chart-control-bar/chart-control-bar.style.ts;components/brave_wallet_ui/components/desktop/chart-control-bar/chart-control-bar.style.ts
brave;brave_brave-core:browser/resources/settings/brave_ipfs_page/p2p_keys_subpage.ts;AYPTw5kKBQUzNK12OxDq;p2p_keys_subpage.ts;browser/resources/settings/brave_ipfs_page/p2p_keys_subpage.ts;browser/resources/settings/brave_ipfs_page/p2p_keys_subpage.ts
brave;brave_brave-core:browser/resources/settings/brave_ipfs_page/rotate_p2p_key_dialog.ts;AYPTw5kKBQUzNK12OxDp;rotate_p2p_key_dialog.ts;browser/resources/settings/brave_ipfs_page/rotate_p2p_key_dialog.ts;browser/resources/settings/brave_ipfs_page/rotate_p2p_key_dialog.ts
brave;brave_brave-core:browser/resources/settings/brave_tor_page/brave_tor_subpage.ts;AYPTw5kKBQUzNK12OxDy;brave_tor_subpage.ts;browser/resources/settings/brave_tor_page/brave_tor_subpage.ts;browser/resources/settings/brave_tor_page/brave_tor_subpage.ts
brave;brave_brave-core:components/brave_wallet_ui/panel/async/wallet_panel_async_handler.ts;AXlChySI4Ms4h2rlKaiX;wallet_panel_async_handler.ts;components/brave_wallet_ui/panel/async/wallet_panel_async_handler.ts;components/brave_wallet_ui/panel/async/wallet_panel_async_handler.ts
brave;brave_brave-core:components/playlist/resources/components/playlistSelect.tsx;AYJiNAeMFmGPMqppFd4U;playlistSelect.tsx;components/playlist/resources/components/playlistSelect.tsx;components/playlist/resources/components/playlistSelect.tsx
brave;brave_brave-core:chromium_src/third_party/catapult/telemetry/telemetry/internal/backends/chrome/desktop_browser_finder.py;AYPDiVBxDK5cikcniH6C;desktop_browser_finder.py;chromium_src/third_party/catapult/telemetry/telemetry/internal/backends/chrome/desktop_browser_finder.py;chromium_src/third_party/catapult/telemetry/telemetry/internal/backends/chrome/desktop_browser_finder.py
brave;brave_brave-core:components/brave_rewards/resources/rewards_panel/lib/extension_host.ts;AXvGEfBz3CAyNTWJXlLz;extension_host.ts;components/brave_rewards/resources/rewards_panel/lib/extension_host.ts;components/brave_rewards/resources/rewards_panel/lib/extension_host.ts
brave;brave_brave-core:components/brave_rewards/resources/rewards_panel/lib/notification_adapter.ts;AXvGEfBz3CAyNTWJXlLy;notification_adapter.ts;components/brave_rewards/resources/rewards_panel/lib/notification_adapter.ts;components/brave_rewards/resources/rewards_panel/lib/notification_adapter.ts
brave;brave_brave-core:components/brave_vpn/resources/panel/stories/component-panel.tsx;AXthkDWzSEFWMq2jZvo-;component-panel.tsx;components/brave_vpn/resources/panel/stories/component-panel.tsx;components/brave_vpn/resources/panel/stories/component-panel.tsx
brave;brave_brave-core:components/brave_rewards/resources/tip/components/bat_tip_form.tsx;AXj03wFbHdM9ii50m-d9;bat_tip_form.tsx;components/brave_rewards/resources/tip/components/bat_tip_form.tsx;components/brave_rewards/resources/tip/components/bat_tip_form.tsx
brave;brave_brave-core:tools/perf/components/perf_test_runner.py;AYPDiVBxDK5cikcniH5t;perf_test_runner.py;tools/perf/components/perf_test_runner.py;tools/perf/components/perf_test_runner.py
brave;brave_brave-core:components/brave_wallet_ui/utils/account-utils.ts;AYDjrBB4rLWdPHJuUEdJ;account-utils.ts;components/brave_wallet_ui/utils/account-utils.ts;components/brave_wallet_ui/utils/account-utils.ts
brave;brave_brave-core:chromium_src/tools/perf/core/results_dashboard.py;AYPDiVBxDK5cikcniH6G;results_dashboard.py;chromium_src/tools/perf/core/results_dashboard.py;chromium_src/tools/perf/core/results_dashboard.py
brave;brave_brave-core:android/java/res/values-night/brave_colors.xml;AXJS366aAbkpwtZw024_;brave_colors.xml;android/java/res/values-night/brave_colors.xml;android/java/res/values-night/brave_colors.xml
brave;brave_brave-core:components/brave_new_tab_ui/components/default/braveToday/customize/Context.tsx;AYPdGO5GhW61s418Ht91;Context.tsx;components/brave_new_tab_ui/components/default/braveToday/customize/Context.tsx;components/brave_new_tab_ui/components/default/braveToday/customize/Context.tsx
brave;brave_brave-core:tools/perf/components/perf_test_utils.py;AYPDiVBxDK5cikcniH5y;perf_test_utils.py;tools/perf/components/perf_test_utils.py;tools/perf/components/perf_test_utils.py
brave;brave_brave-core:tools/perf/components/browser_type.py;AYPDiVBxDK5cikcniH5z;browser_type.py;tools/perf/components/browser_type.py;tools/perf/components/browser_type.py
brave;brave_brave-core:components/brave_new_tab_ui/helpers/colorUtil.ts;AYOIuknL6QXFcyTa1zjW;colorUtil.ts;components/brave_new_tab_ui/helpers/colorUtil.ts;components/brave_new_tab_ui/helpers/colorUtil.ts
brave;brave_brave-core:components/brave_rewards/resources/page/components/grant_list.tsx;AYKtI2HCLFwSDmuAsK8c;grant_list.tsx;components/brave_rewards/resources/page/components/grant_list.tsx;components/brave_rewards/resources/page/components/grant_list.tsx
brave;brave_brave-core:components/brave_wallet_ui/components/buy-send-swap/buy-send-swap-layout/buy-send-swap-layout.style.ts;AYL6uBmg0EYEwXgEUZ5Z;buy-send-swap-layout.style.ts;components/brave_wallet_ui/components/buy-send-swap/buy-send-swap-layout/buy-send-swap-layout.style.ts;components/brave_wallet_ui/components/buy-send-swap/buy-send-swap-layout/buy-send-swap-layout.style.ts
brave;brave_brave-core:tools/perf/components/path_util.py;AYPDiVBxDK5cikcniH5v;path_util.py;tools/perf/components/path_util.py;tools/perf/components/path_util.py
brave;brave_brave-core:tools/perf/components/brave_logdog_helper.py;AYPDiVBxDK5cikcniH5w;brave_logdog_helper.py;tools/perf/components/brave_logdog_helper.py;tools/perf/components/brave_logdog_helper.py
brave;brave_brave-core:components/brave_extension/extension/brave_extension/background/webDiscoveryProject.ts;AXwO6xh0gx6Lg0QV07_0;webDiscoveryProject.ts;components/brave_extension/extension/brave_extension/background/webDiscoveryProject.ts;components/brave_extension/extension/brave_extension/background/webDiscoveryProject.ts
brave;brave_brave-core:tools/perf/components/perf_config.py;AYPDiVBxDK5cikcniH5x;perf_config.py;tools/perf/components/perf_config.py;tools/perf/components/perf_config.py
brave;brave_brave-core:script/lib/helpers.py;AXCqlRllsJcONJe09tVQ;helpers.py;script/lib/helpers.py;script/lib/helpers.py
brave;brave_brave-core:browser/resources/settings/default_brave_shields_page/default_brave_shields_browser_proxy.js;AXCqlRllsJcONJe09tUm;default_brave_shields_browser_proxy.js;browser/resources/settings/default_brave_shields_page/default_brave_shields_browser_proxy.js;browser/resources/settings/default_brave_shields_page/default_brave_shields_browser_proxy.js
brave;brave_brave-core:installer/mac/copy_x64_binary.py;AXZ10xKhtjjC0l-9bSjE;copy_x64_binary.py;installer/mac/copy_x64_binary.py;installer/mac/copy_x64_binary.py
brave;brave_brave-core:browser/resources/settings/social_blocking_page/social_blocking_page.html;AXCqlRllsJcONJe09tUs;social_blocking_page.html;browser/resources/settings/social_blocking_page/social_blocking_page.html;browser/resources/settings/social_blocking_page/social_blocking_page.html
brave;brave_brave-core:components/brave_rewards/resources/extension/brave_rewards/brave_rewards_panel.html;AXCqlRljsJcONJe09tMa;brave_rewards_panel.html;components/brave_rewards/resources/extension/brave_rewards/brave_rewards_panel.html;components/brave_rewards/resources/extension/brave_rewards/brave_rewards_panel.html
brave;brave_brave-core:components/brave_rewards/resources/internals/brave_rewards_internals.html;AXCqlRljsJcONJe09tMn;brave_rewards_internals.html;components/brave_rewards/resources/internals/brave_rewards_internals.html;components/brave_rewards/resources/internals/brave_rewards_internals.html
brave;brave_brave-core:script/lib/github.py;AXCqlRllsJcONJe09tVL;github.py;script/lib/github.py;script/lib/github.py
brave;brave_brave-core:chromium_src/python_modules/mojo/public/tools/mojom/mojom/parse/brave_ast_patcher.py;AXmnhYyJc2uSn1p8koS1;brave_ast_patcher.py;chromium_src/python_modules/mojo/public/tools/mojom/mojom/parse/brave_ast_patcher.py;chromium_src/python_modules/mojo/public/tools/mojom/mojom/parse/brave_ast_patcher.py
brave;brave_brave-core:browser/resources/settings/brave_clear_browsing_data_dialog/brave_clear_browsing_data_dialog_behavior.js;AXCqlRllsJcONJe09tUj;brave_clear_browsing_data_dialog_behavior.js;browser/resources/settings/brave_clear_browsing_data_dialog/brave_clear_browsing_data_dialog_behavior.js;browser/resources/settings/brave_clear_browsing_data_dialog/brave_clear_browsing_data_dialog_behavior.js
brave;brave_brave-core:browser/resources/settings/brave_clear_browsing_data_dialog/brave_clear_browsing_data_on_exit_page.html;AXCqlRllsJcONJe09tUi;brave_clear_browsing_data_on_exit_page.html;browser/resources/settings/brave_clear_browsing_data_dialog/brave_clear_browsing_data_on_exit_page.html;browser/resources/settings/brave_clear_browsing_data_dialog/brave_clear_browsing_data_on_exit_page.html
brave;brave_brave-core:script/lib/env_util.py;AXCqlRllsJcONJe09tVJ;env_util.py;script/lib/env_util.py;script/lib/env_util.py
brave;brave_brave-core:components/ipfs_ui/ipfs.html;AXRUl3cr1qKRaXYDVrR0;ipfs.html;components/ipfs_ui/ipfs.html;components/ipfs_ui/ipfs.html
brave;brave_brave-core:build/mac/build_delta_installer.py;AXWesuM7VmK_lGNRZ0_E;build_delta_installer.py;build/mac/build_delta_installer.py;build/mac/build_delta_installer.py
brave;brave_brave-core:script/bootstrap.py;AXCqlRllsJcONJe09tVd;bootstrap.py;script/bootstrap.py;script/bootstrap.py
brave;brave_brave-core:ui/webui/resources/br_elements/shared_style_css.html;AXCqlRllsJcONJe09tWC;shared_style_css.html;ui/webui/resources/br_elements/shared_style_css.html;ui/webui/resources/br_elements/shared_style_css.html
brave;brave_brave-core:script/test/githubmock.py;AXCqlRllsJcONJe09tVY;githubmock.py;script/test/githubmock.py;script/test/githubmock.py
brave;brave_brave-core:browser/resources/settings/brave_default_extensions_page/brave_default_extensions_browser_proxy.js;AXCqlRllsJcONJe09tUw;brave_default_extensions_browser_proxy.js;browser/resources/settings/brave_default_extensions_page/brave_default_extensions_browser_proxy.js;browser/resources/settings/brave_default_extensions_page/brave_default_extensions_browser_proxy.js
brave;brave_brave-core:components/brave_rewards/resources/page/reducers/wallet_reducer.ts;AXCqlRlisJcONJe09tG2;wallet_reducer.ts;components/brave_rewards/resources/page/reducers/wallet_reducer.ts;components/brave_rewards/resources/page/reducers/wallet_reducer.ts
brave;brave_brave-core:script/test/__main__.py;AXCqlRllsJcONJe09tVW;__main__.py;script/test/__main__.py;script/test/__main__.py
brave;brave_brave-core:script/test/test_helpers.py;AXCqlRllsJcONJe09tVV;test_helpers.py;script/test/test_helpers.py;script/test/test_helpers.py
brave;brave_brave-core:browser/resources/settings/brave_sync_page/brave_sync_subpage.ts;AYPTw5kKBQUzNK12OxC6;brave_sync_subpage.ts;browser/resources/settings/brave_sync_page/brave_sync_subpage.ts;browser/resources/settings/brave_sync_page/brave_sync_subpage.ts
brave;brave_brave-core:components/brave_rewards/resources/internals/components/contributions.tsx;AXHF52k1o2Q3nzySK9rn;contributions.tsx;components/brave_rewards/resources/internals/components/contributions.tsx;components/brave_rewards/resources/internals/components/contributions.tsx
brave;brave_brave-core:components/brave_wallet/resources/ethereum_provider.js;AX_cHG4BcddDCukqJjB-;ethereum_provider.js;components/brave_wallet/resources/ethereum_provider.js;components/brave_wallet/resources/ethereum_provider.js
brave;brave_brave-core:components/brave_rewards/resources/page/brave_rewards_page.tsx;AXCqlRlisJcONJe09tG7;brave_rewards_page.tsx;components/brave_rewards/resources/page/brave_rewards_page.tsx;components/brave_rewards/resources/page/brave_rewards_page.tsx
brave;brave_brave-core:components/brave_rewards/resources/extension/brave_rewards/background/reducers/rewards_panel_reducer.ts;AXCqlRljsJcONJe09tMD;rewards_panel_reducer.ts;components/brave_rewards/resources/extension/brave_rewards/background/reducers/rewards_panel_reducer.ts;components/brave_rewards/resources/extension/brave_rewards/background/reducers/rewards_panel_reducer.ts
brave;brave_brave-core:script/uplift.py;AXCqlRllsJcONJe09tV1;uplift.py;script/uplift.py;script/uplift.py
brave;brave_brave-core:script/bump-version.py;AXCqlRllsJcONJe09tV0;bump-version.py;script/bump-version.py;script/bump-version.py
brave;brave_brave-core:components/webpack/gen-webpack-grd.js;AXCqlRllsJcONJe09tUN;gen-webpack-grd.js;components/webpack/gen-webpack-grd.js;components/webpack/gen-webpack-grd.js
brave;brave_brave-core:components/brave_rewards/resources/extension/brave_rewards/background/reducers/promotion_reducer.ts;AXCqlRljsJcONJe09tME;promotion_reducer.ts;components/brave_rewards/resources/extension/brave_rewards/background/reducers/promotion_reducer.ts;components/brave_rewards/resources/extension/brave_rewards/background/reducers/promotion_reducer.ts
brave;brave_brave-core:build/android/gyp/bytecode_processor.py;AXPKL3J06oGKp7PoUeTI;bytecode_processor.py;build/android/gyp/bytecode_processor.py;build/android/gyp/bytecode_processor.py
brave;brave_brave-core:script/changelog.py;AXCqlRllsJcONJe09tV4;changelog.py;script/changelog.py;script/changelog.py
brave;brave_brave-core:script/locate_latest_github_tag.py;AXCqlRllsJcONJe09tV2;locate_latest_github_tag.py;script/locate_latest_github_tag.py;script/locate_latest_github_tag.py
brave;brave_brave-core:components/brave_perf_predictor/python/model.py;AXCqlRlksJcONJe09tUG;model.py;components/brave_perf_predictor/python/model.py;components/brave_perf_predictor/python/model.py
brave;brave_brave-core:components/brave_perf_predictor/python/run.py;AXCqlRlksJcONJe09tUH;run.py;components/brave_perf_predictor/python/run.py;components/brave_perf_predictor/python/run.py
brave;brave_brave-core:ui/webui/resources/br_elements/br_toolbar/br_toolbar.html;AXCqlRllsJcONJe09tV-;br_toolbar.html;ui/webui/resources/br_elements/br_toolbar/br_toolbar.html;ui/webui/resources/br_elements/br_toolbar/br_toolbar.html
brave;brave_brave-core:components/brave_new_tab_ui/components/default/braveToday/cards/PublisherMeta.tsx;AXWo5Hlh18NU4sH0GdXR;PublisherMeta.tsx;components/brave_new_tab_ui/components/default/braveToday/cards/PublisherMeta.tsx;components/brave_new_tab_ui/components/default/braveToday/cards/PublisherMeta.tsx
brave;brave_brave-core:components/webpack/webpack.config.js;AXCqlRllsJcONJe09tUK;webpack.config.js;components/webpack/webpack.config.js;components/webpack/webpack.config.js
brave;brave_brave-core:components/brave_new_tab_ui/components/default/braveTalk/index.tsx;AXsMug3X03rrzh4PuKHY;index.tsx;components/brave_new_tab_ui/components/default/braveTalk/index.tsx;components/brave_new_tab_ui/components/default/braveTalk/index.tsx
brave;brave_brave-core:build/ios/mojom/mojom_objc_generator.py;AXpfnV-ul7093k321jrh;mojom_objc_generator.py;build/ios/mojom/mojom_objc_generator.py;build/ios/mojom/mojom_objc_generator.py
brave;brave_brave-core:components/brave_rewards/resources/shared/lib/locale_context.ts;AXWzw9iVVKzJ6OoX68F6;locale_context.ts;components/brave_rewards/resources/shared/lib/locale_context.ts;components/brave_rewards/resources/shared/lib/locale_context.ts
brave;brave_brave-core:components/brave_rewards/resources/extension/brave_rewards/background.ts;AXCqlRljsJcONJe09tMS;background.ts;components/brave_rewards/resources/extension/brave_rewards/background.ts;components/brave_rewards/resources/extension/brave_rewards/background.ts
brave;brave_brave-core:browser/resources/settings/brave_sync_page/brave_sync_page.html;AXCqlRllsJcONJe09tUc;brave_sync_page.html;browser/resources/settings/brave_sync_page/brave_sync_page.html;browser/resources/settings/brave_sync_page/brave_sync_page.html
brave;brave_brave-core:components/brave_new_tab_ui/components/default/braveToday/cards/_articles/cardArticleLarge.tsx;AXWo5Hlh18NU4sH0GdXX;cardArticleLarge.tsx;components/brave_new_tab_ui/components/default/braveToday/cards/_articles/cardArticleLarge.tsx;components/brave_new_tab_ui/components/default/braveToday/cards/_articles/cardArticleLarge.tsx
brave;brave_brave-core:components/brave_new_tab_ui/components/default/braveToday/cards/_articles/cardArticleMedium.tsx;AXWo5Hlh18NU4sH0GdXY;cardArticleMedium.tsx;components/brave_new_tab_ui/components/default/braveToday/cards/_articles/cardArticleMedium.tsx;components/brave_new_tab_ui/components/default/braveToday/cards/_articles/cardArticleMedium.tsx
brave;brave_brave-core:ui/webui/resources/br_elements/br_toolbar/br_toolbar_search_field.html;AXCqlRllsJcONJe09tV7;br_toolbar_search_field.html;ui/webui/resources/br_elements/br_toolbar/br_toolbar_search_field.html;ui/webui/resources/br_elements/br_toolbar/br_toolbar_search_field.html
brave;brave_brave-core:components/brave_rewards/resources/extension/brave_rewards/utils.ts;AXCqlRljsJcONJe09tMZ;utils.ts;components/brave_rewards/resources/extension/brave_rewards/utils.ts;components/brave_rewards/resources/extension/brave_rewards/utils.ts
brave;brave_brave-core:components/brave_new_tab_ui/components/default/page/index.tsx;AXWo5Hlh18NU4sH0GdXn;index.tsx;components/brave_new_tab_ui/components/default/page/index.tsx;components/brave_new_tab_ui/components/default/page/index.tsx
brave;brave_brave-core:components/brave_new_tab_ui/containers/newTab/index.tsx;AXCqlRlksJcONJe09tQ-;index.tsx;components/brave_new_tab_ui/containers/newTab/index.tsx;components/brave_new_tab_ui/containers/newTab/index.tsx
brave;brave_brave-core:components/brave_new_tab_ui/reducers/today/index.ts;AXWo5Hli18NU4sH0GdXv;index.ts;components/brave_new_tab_ui/reducers/today/index.ts;components/brave_new_tab_ui/reducers/today/index.ts
brave;brave_brave-core:components/brave_new_tab_ui/components/default/braveToday/useScrollIntoView.ts;AXWo5Hlh18NU4sH0GdXi;useScrollIntoView.ts;components/brave_new_tab_ui/components/default/braveToday/useScrollIntoView.ts;components/brave_new_tab_ui/components/default/braveToday/useScrollIntoView.ts
brave;brave_brave-core:browser/resources/settings/brave_ipfs_page/brave_ipfs_browser_proxy.js;AXd6BYobmR8wXoZXKknl;brave_ipfs_browser_proxy.js;browser/resources/settings/brave_ipfs_page/brave_ipfs_browser_proxy.js;browser/resources/settings/brave_ipfs_page/brave_ipfs_browser_proxy.js
brave;brave_brave-core:browser/resources/settings/brave_ipfs_page/change_ipfs_gateway_dialog.html;AXd6BYobmR8wXoZXKknn;change_ipfs_gateway_dialog.html;browser/resources/settings/brave_ipfs_page/change_ipfs_gateway_dialog.html;browser/resources/settings/brave_ipfs_page/change_ipfs_gateway_dialog.html
brave;brave_brave-core:browser/resources/settings/brave_wallet_page/brave_wallet_browser_proxy.js;AXeJOoTs3eLtOC7s5ABS;brave_wallet_browser_proxy.js;browser/resources/settings/brave_wallet_page/brave_wallet_browser_proxy.js;browser/resources/settings/brave_wallet_page/brave_wallet_browser_proxy.js
brave;brave_brave-core:components/brave_new_tab_ui/containers/newTab/settings/braveToday/sources.tsx;AXWo5Hlh18NU4sH0GdXr;sources.tsx;components/brave_new_tab_ui/containers/newTab/settings/braveToday/sources.tsx;components/brave_new_tab_ui/containers/newTab/settings/braveToday/sources.tsx
brave;brave_brave-core:components/brave_rewards/resources/shared/components/onboarding/rewards_tour_panels.tsx;AXZ2_X3jAPOuobjanM1Q;rewards_tour_panels.tsx;components/brave_rewards/resources/shared/components/onboarding/rewards_tour_panels.tsx;components/brave_rewards/resources/shared/components/onboarding/rewards_tour_panels.tsx
brave;brave_brave-core:components/brave_new_tab_ui/containers/newTab/settings/braveToday/publisherPrefs.tsx;AXWo5Hlh18NU4sH0GdXq;publisherPrefs.tsx;components/brave_new_tab_ui/containers/newTab/settings/braveToday/publisherPrefs.tsx;components/brave_new_tab_ui/containers/newTab/settings/braveToday/publisherPrefs.tsx
brave;brave_brave-core:components/brave_rewards/resources/shared/components/onboarding/tour_navigation.tsx;AXZ2_X3jAPOuobjanM1R;tour_navigation.tsx;components/brave_rewards/resources/shared/components/onboarding/tour_navigation.tsx;components/brave_rewards/resources/shared/components/onboarding/tour_navigation.tsx
brave;brave_brave-core:browser/resources/settings/brave_overrides/appearance_page.ts;AYPTw5kKBQUzNK12OxDQ;appearance_page.ts;browser/resources/settings/brave_overrides/appearance_page.ts;browser/resources/settings/brave_overrides/appearance_page.ts
brave;brave_brave-core:components/speedreader/resources/speedreader-desktop.css;AXDQMe1g8Ol9E-lpN9gW;speedreader-desktop.css;components/speedreader/resources/speedreader-desktop.css;components/speedreader/resources/speedreader-desktop.css
brave;brave_brave-core:components/brave_rewards/resources/page/components/pageWallet.tsx;AXCqlRlisJcONJe09tGp;pageWallet.tsx;components/brave_rewards/resources/page/components/pageWallet.tsx;components/brave_rewards/resources/page/components/pageWallet.tsx
brave;brave_brave-core:browser/resources/settings/brave_overrides/settings_ui.ts;AYPTw5kKBQUzNK12OxDT;settings_ui.ts;browser/resources/settings/brave_overrides/settings_ui.ts;browser/resources/settings/brave_overrides/settings_ui.ts
brave;brave_brave-core:components/brave_rewards/resources/ui/components/profile/index.tsx;AXCqlRlisJcONJe09tHP;index.tsx;components/brave_rewards/resources/ui/components/profile/index.tsx;components/brave_rewards/resources/ui/components/profile/index.tsx
brave;brave_brave-core:components/brave_rewards/resources/page/components/contributeBox.tsx;AXCqlRlisJcONJe09tGt;contributeBox.tsx;components/brave_rewards/resources/page/components/contributeBox.tsx;components/brave_rewards/resources/page/components/contributeBox.tsx
brave;brave_brave-core:build/commands/scripts/lint.py;AXObQYd1H4vouwHhhPg3;lint.py;build/commands/scripts/lint.py;build/commands/scripts/lint.py
brave;brave_brave-core:components/brave_new_tab_ui/async/today.ts;AXWo5Hli18NU4sH0GdXx;today.ts;components/brave_new_tab_ui/async/today.ts;components/brave_new_tab_ui/async/today.ts
brave;brave_brave-core:ui/webui/resources/br_elements/br_toolbar/br_toolbar_search_field.ts;AYPTw5kKBQUzNK12OxCx;br_toolbar_search_field.ts;ui/webui/resources/br_elements/br_toolbar/br_toolbar_search_field.ts;ui/webui/resources/br_elements/br_toolbar/br_toolbar_search_field.ts
brave;brave_brave-core:components/brave_rewards/resources/page/components/adsBox.tsx;AXCqlRlisJcONJe09tGr;adsBox.tsx;components/brave_rewards/resources/page/components/adsBox.tsx;components/brave_rewards/resources/page/components/adsBox.tsx
brave;brave_brave-core:ui/webui/resources/br_elements/br_toolbar/br_toolbar.ts;AYPTw5kKBQUzNK12OxCw;br_toolbar.ts;ui/webui/resources/br_elements/br_toolbar/br_toolbar.ts;ui/webui/resources/br_elements/br_toolbar/br_toolbar.ts
brave;brave_brave-core:components/brave_rewards/resources/page/components/tipsBox.tsx;AXCqlRlisJcONJe09tGs;tipsBox.tsx;components/brave_rewards/resources/page/components/tipsBox.tsx;components/brave_rewards/resources/page/components/tipsBox.tsx
brave;brave_brave-core:components/brave_rewards/resources/page/reducers/promotion_reducer.ts;AXCqlRlisJcONJe09tGy;promotion_reducer.ts;components/brave_rewards/resources/page/reducers/promotion_reducer.ts;components/brave_rewards/resources/page/reducers/promotion_reducer.ts
brave;brave_brave-core:android/java/res/layout/brave_sync_done.xml;AXCqlRlmsJcONJe09tY8;brave_sync_done.xml;android/java/res/layout/brave_sync_done.xml;android/java/res/layout/brave_sync_done.xml
brave;brave_brave-core:components/brave_new_tab_ui/brave_new_tab.html;AXCqlRlksJcONJe09tQ9;brave_new_tab.html;components/brave_new_tab_ui/brave_new_tab.html;components/brave_new_tab_ui/brave_new_tab.html
brave;brave_brave-core:components/brave_new_tab_ui/widgets/ftx/ftx_async.ts;AXlr-Q-VCsT1ByAZr2BE;ftx_async.ts;components/brave_new_tab_ui/widgets/ftx/ftx_async.ts;components/brave_new_tab_ui/widgets/ftx/ftx_async.ts
brave;brave_brave-core:script/cargo.py;AXCqlRllsJcONJe09tVp;cargo.py;script/cargo.py;script/cargo.py
brave;brave_brave-core:components/brave_new_tab_ui/reducers/binance_reducer.ts;AXIaZE_vK9IjxieKHXGv;binance_reducer.ts;components/brave_new_tab_ui/reducers/binance_reducer.ts;components/brave_new_tab_ui/reducers/binance_reducer.ts
brave;brave_brave-core:script/sign_upload_linux_pkgs.py;AXCqlRllsJcONJe09tVn;sign_upload_linux_pkgs.py;script/sign_upload_linux_pkgs.py;script/sign_upload_linux_pkgs.py
brave;brave_brave-core:script/create-signed-installer.py;AXCqlRllsJcONJe09tVt;create-signed-installer.py;script/create-signed-installer.py;script/create-signed-installer.py
brave;brave_brave-core:script/build-bisect.py;AXCqlRllsJcONJe09tVs;build-bisect.py;script/build-bisect.py;script/build-bisect.py
brave;brave_brave-core:browser/ui/android/toolbar/java/res/layout/tab_switcher_toolbar.xml;AXhh7Lp1V4OlGYpDBKdY;tab_switcher_toolbar.xml;browser/ui/android/toolbar/java/res/layout/tab_switcher_toolbar.xml;browser/ui/android/toolbar/java/res/layout/tab_switcher_toolbar.xml
brave;brave_brave-core:browser/resources/settings/default_brave_shields_page/default_brave_shields_page.ts;AYPTw5kKBQUzNK12OxDC;default_brave_shields_page.ts;browser/resources/settings/default_brave_shields_page/default_brave_shields_page.ts;browser/resources/settings/default_brave_shields_page/default_brave_shields_page.ts
brave;brave_brave-core:script/policy_source_helper.py;AXCqlRllsJcONJe09tVi;policy_source_helper.py;script/policy_source_helper.py;script/policy_source_helper.py
brave;brave_brave-core:script/transpile-web-ui.py;AXCqlRllsJcONJe09tVg;transpile-web-ui.py;script/transpile-web-ui.py;script/transpile-web-ui.py
brave;brave_brave-core:script/update_release_changelog.py;AXCqlRllsJcONJe09tVm;update_release_changelog.py;script/update_release_changelog.py;script/update_release_changelog.py
brave;brave_brave-core:script/brave_license_helper.py;AXCqlRllsJcONJe09tVl;brave_license_helper.py;script/brave_license_helper.py;script/brave_license_helper.py
brave;brave_brave-core:script/deps.py;AXCqlRllsJcONJe09tVk;deps.py;script/deps.py;script/deps.py
brave;brave_brave-core:script/create_installer_archive_helper.py;AXCqlRllsJcONJe09tVj;create_installer_archive_helper.py;script/create_installer_archive_helper.py;script/create_installer_archive_helper.py
brave;brave_brave-core:script/audit_deps.py;AXJP3g6NVFYPLHgE1ZaF;audit_deps.py;script/audit_deps.py;script/audit_deps.py
brave;brave_brave-core:components/brave_new_tab_ui/widgets/ftx/components/assetDetail.tsx;AXlr-Q-VCsT1ByAZr2A_;assetDetail.tsx;components/brave_new_tab_ui/widgets/ftx/components/assetDetail.tsx;components/brave_new_tab_ui/widgets/ftx/components/assetDetail.tsx
brave;brave_brave-core:components/brave_extension/extension/brave_extension/elementPicker.js;AXjwINs2tesEcbWBnPBz;elementPicker.js;components/brave_extension/extension/brave_extension/elementPicker.js;components/brave_extension/extension/brave_extension/elementPicker.js
brave;brave_brave-core:components/brave_new_tab_ui/widgets/shared/styles.ts;AXlr-Q-VCsT1ByAZr2BW;styles.ts;components/brave_new_tab_ui/widgets/shared/styles.ts;components/brave_new_tab_ui/widgets/shared/styles.ts
brave;brave_brave-core:script/chromium-rebase-l10n.py;AXCqlRllsJcONJe09tVx;chromium-rebase-l10n.py;script/chromium-rebase-l10n.py;script/chromium-rebase-l10n.py
brave;brave_brave-core:script/signing_helper.py;AXCqlRllsJcONJe09tVw;signing_helper.py;script/signing_helper.py;script/signing_helper.py
brave;brave_brave-core:ui/webui/resources/polymer_overriding.js;AXCqlRllsJcONJe09tWX;polymer_overriding.js;ui/webui/resources/polymer_overriding.js;ui/webui/resources/polymer_overriding.js
brave;brave_brave-core:browser/resources/settings/brave_new_tab_page/brave_new_tab_browser_proxy.js;AXF0fxSnhw5qgsTQKZOU;brave_new_tab_browser_proxy.js;browser/resources/settings/brave_new_tab_page/brave_new_tab_browser_proxy.js;browser/resources/settings/brave_new_tab_page/brave_new_tab_browser_proxy.js
brave;brave_brave-core:script/virustotal_scan.py;AXCqlRllsJcONJe09tVv;virustotal_scan.py;script/virustotal_scan.py;script/virustotal_scan.py
brave;brave_brave-core:browser/resources/settings/brave_new_tab_page/brave_new_tab_page.html;AXF0fxSnhw5qgsTQKZOT;brave_new_tab_page.html;browser/resources/settings/brave_new_tab_page/brave_new_tab_page.html;browser/resources/settings/brave_new_tab_page/brave_new_tab_page.html
brave;brave_brave-core:components/brave_new_tab_ui/components/default/gemini/index.tsx;AXNQFQvz9aZVJ_M_JtHc;index.tsx;components/brave_new_tab_ui/components/default/gemini/index.tsx;components/brave_new_tab_ui/components/default/gemini/index.tsx
brave;brave_brave-core:build/commands/lib/build.js;AXObQYd1H4vouwHhhPgX;build.js;build/commands/lib/build.js;build/commands/lib/build.js
brave;brave_brave-core:build/commands/lib/createDist.js;AXObQYd1H4vouwHhhPgV;createDist.js;build/commands/lib/createDist.js;build/commands/lib/createDist.js
brave;brave_brave-core:components/brave_new_tab_ui/reducers/stack_widget_reducer.ts;AXWQSGn9J1ms81qN1OzA;stack_widget_reducer.ts;components/brave_new_tab_ui/reducers/stack_widget_reducer.ts;components/brave_new_tab_ui/reducers/stack_widget_reducer.ts
brave;brave_brave-core:components/brave_new_tab_ui/containers/app.tsx;AXCqlRlksJcONJe09tRM;app.tsx;components/brave_new_tab_ui/containers/app.tsx;components/brave_new_tab_ui/containers/app.tsx
brave;brave_brave-core:components/brave_wallet_ui/components/extension/panel/index.tsx;AXh-tenue0tA8FeSUaIC;index.tsx;components/brave_wallet_ui/components/extension/panel/index.tsx;components/brave_wallet_ui/components/extension/panel/index.tsx
brave;brave_brave-core:components/brave_new_tab_ui/containers/newTab/settings.tsx;AXCqlRlksJcONJe09tRD;settings.tsx;components/brave_new_tab_ui/containers/newTab/settings.tsx;components/brave_new_tab_ui/containers/newTab/settings.tsx
brave;brave_brave-core:build/commands/lib/test.js;AXObQYd1H4vouwHhhPgb;test.js;build/commands/lib/test.js;build/commands/lib/test.js
brave;brave_brave-core:components/brave_new_tab_ui/components/default/binance/index.tsx;AXEKz4RxHbKAeDAi6yrk;index.tsx;components/brave_new_tab_ui/components/default/binance/index.tsx;components/brave_new_tab_ui/components/default/binance/index.tsx
brave;brave_brave-core:build/commands/lib/util.js;AXObQYd1H4vouwHhhPgh;util.js;build/commands/lib/util.js;build/commands/lib/util.js
brave;brave_brave-core:build/commands/lib/gnCheck.js;AXObQYd1H4vouwHhhPge;gnCheck.js;build/commands/lib/gnCheck.js;build/commands/lib/gnCheck.js
brave;brave_brave-core:build/commands/lib/start.js;AXObQYd1H4vouwHhhPgf;start.js;build/commands/lib/start.js;build/commands/lib/start.js
brave;brave_brave-core:build/commands/lib/config.js;AXObQYd1H4vouwHhhPgl;config.js;build/commands/lib/config.js;build/commands/lib/config.js
brave;brave_brave-core:build/commands/lib/transifexAPI.js;AXObQYd1H4vouwHhhPgi;transifexAPI.js;build/commands/lib/transifexAPI.js;build/commands/lib/transifexAPI.js
brave;brave_brave-core:build/commands/lib/applyPatches.js;AXObQYd1H4vouwHhhPgj;applyPatches.js;build/commands/lib/applyPatches.js;build/commands/lib/applyPatches.js
brave;brave_brave-core:build/commands/lib/l10nUtil.js;AXObQYd1H4vouwHhhPgn;l10nUtil.js;build/commands/lib/l10nUtil.js;build/commands/lib/l10nUtil.js
brave;brave_brave-core:components/brave_new_tab_ui/stories/default/data/storybookState.ts;AXCqlRlksJcONJe09tQr;storybookState.ts;components/brave_new_tab_ui/stories/default/data/storybookState.ts;components/brave_new_tab_ui/stories/default/data/storybookState.ts
brave;brave_brave-core:components/brave_wallet_ui/components/extension/panel-header/index.tsx;AXh-tenue0tA8FeSUaIF;index.tsx;components/brave_wallet_ui/components/extension/panel-header/index.tsx;components/brave_wallet_ui/components/extension/panel-header/index.tsx
brave;brave_brave-core:build/commands/lib/l10nDeleteTranslations.js;AXObQYd1H4vouwHhhPgq;l10nDeleteTranslations.js;build/commands/lib/l10nDeleteTranslations.js;build/commands/lib/l10nDeleteTranslations.js
brave;brave_brave-core:components/brave_adblock_ui/brave_adblock.html;AXCqlRlksJcONJe09tS7;brave_adblock.html;components/brave_adblock_ui/brave_adblock.html;components/brave_adblock_ui/brave_adblock.html
brave;brave_brave-core:components/brave_rewards/resources/ui/components/tab/style.ts;AXCqlRljsJcONJe09tK6;style.ts;components/brave_rewards/resources/ui/components/tab/style.ts;components/brave_rewards/resources/ui/components/tab/style.ts
brave;brave_brave-core:components/brave_rewards/resources/ui/components/grantWrapper/style.ts;AXCqlRlisJcONJe09tIy;style.ts;components/brave_rewards/resources/ui/components/grantWrapper/style.ts;components/brave_rewards/resources/ui/components/grantWrapper/style.ts
brave;brave_brave-core:components/brave_rewards/resources/page/reducers/rewards_reducer.ts;AXCqlRlisJcONJe09tGz;rewards_reducer.ts;components/brave_rewards/resources/page/reducers/rewards_reducer.ts;components/brave_rewards/resources/page/reducers/rewards_reducer.ts
brave;brave_brave-core:components/brave_rewards/resources/ui/components/walletSummary/index.tsx;AXCqlRlisJcONJe09tIA;index.tsx;components/brave_rewards/resources/ui/components/walletSummary/index.tsx;components/brave_rewards/resources/ui/components/walletSummary/index.tsx
brave;brave_brave-core:components/brave_new_tab_ui/storage/new_tab_storage.ts;AXEvXHpsRzm9taVjBHOg;new_tab_storage.ts;components/brave_new_tab_ui/storage/new_tab_storage.ts;components/brave_new_tab_ui/storage/new_tab_storage.ts
brave;brave_brave-core:android/java/res/layout/bottom_toolbar_browsing.xml;AXVxa98T31mO5lo40_K1;bottom_toolbar_browsing.xml;android/java/res/layout/bottom_toolbar_browsing.xml;android/java/res/layout/bottom_toolbar_browsing.xml
brave;brave_brave-core:components/brave_rewards/resources/ui/components/mobile/boxMobile/style.tsx;AXCqlRlisJcONJe09tHd;style.tsx;components/brave_rewards/resources/ui/components/mobile/boxMobile/style.tsx;components/brave_rewards/resources/ui/components/mobile/boxMobile/style.tsx
brave;brave_brave-core:components/brave_new_tab_ui/components/default/widget/styles.ts;AXCqlRlksJcONJe09tQE;styles.ts;components/brave_new_tab_ui/components/default/widget/styles.ts;components/brave_new_tab_ui/components/default/widget/styles.ts
brave;brave_brave-core:chromium_src/chrome/installer/linux/common/brave-browser/chromium-browser.appdata.xml;AXCqlRlmsJcONJe09taP;chromium-browser.appdata.xml;chromium_src/chrome/installer/linux/common/brave-browser/chromium-browser.appdata.xml;chromium_src/chrome/installer/linux/common/brave-browser/chromium-browser.appdata.xml
brave;brave_brave-core:script/cargo_cbindgen.py;AXHnKQPGScibMK565S8p;cargo_cbindgen.py;script/cargo_cbindgen.py;script/cargo_cbindgen.py
brave;brave_brave-core:browser/resources/settings/brave_ipfs_page/p2p_keys_subpage.ts;AYPTw5kKBQUzNK12OxDq;p2p_keys_subpage.ts;browser/resources/settings/brave_ipfs_page/p2p_keys_subpage.ts;browser/resources/settings/brave_ipfs_page/p2p_keys_subpage.ts
brave;brave_brave-core:components/brave_new_tab_ui/reducers/grid_sites_reducer.ts;AXEvXHpsRzm9taVjBHOm;grid_sites_reducer.ts;components/brave_new_tab_ui/reducers/grid_sites_reducer.ts;components/brave_new_tab_ui/reducers/grid_sites_reducer.ts
brave;brave_brave-core:browser/resources/extensions/brave_overrides/extensions_detail_view.js;AXZoMs9-3RsZ5hkMdHmd;extensions_detail_view.js;browser/resources/extensions/brave_overrides/extensions_detail_view.js;browser/resources/extensions/brave_overrides/extensions_detail_view.js
brave;brave_brave-core:components/common/privateCDN.ts;AX0D2WblGvfvSmRL2yi_;privateCDN.ts;components/common/privateCDN.ts;components/common/privateCDN.ts
brave;brave_brave-core:components/brave_new_tab_ui/reducers/new_tab_reducer.ts;AXEvXHpsRzm9taVjBHOn;new_tab_reducer.ts;components/brave_new_tab_ui/reducers/new_tab_reducer.ts;components/brave_new_tab_ui/reducers/new_tab_reducer.ts
brave;brave_brave-core:browser/resources/settings/brave_ipfs_page/add_p2p_key_dialog.ts;AYPTw5kKBQUzNK12OxDv;add_p2p_key_dialog.ts;browser/resources/settings/brave_ipfs_page/add_p2p_key_dialog.ts;browser/resources/settings/brave_ipfs_page/add_p2p_key_dialog.ts
brave;brave_brave-core:components/brave_rewards/resources/ui/components/modalActivity/index.tsx;AXCqlRlisJcONJe09tJ4;index.tsx;components/brave_rewards/resources/ui/components/modalActivity/index.tsx;components/brave_rewards/resources/ui/components/modalActivity/index.tsx
brave;brave_brave-core:components/brave_new_tab_ui/widgets/ftx/components/convert.tsx;AXlr-Q-VCsT1ByAZr2A9;convert.tsx;components/brave_new_tab_ui/widgets/ftx/components/convert.tsx;components/brave_new_tab_ui/widgets/ftx/components/convert.tsx
brave;brave_brave-core:browser/resources/settings/brave_ipfs_page/ipfs_peers_subpage.ts;AYPTw5kKBQUzNK12OxDu;ipfs_peers_subpage.ts;browser/resources/settings/brave_ipfs_page/ipfs_peers_subpage.ts;browser/resources/settings/brave_ipfs_page/ipfs_peers_subpage.ts
brave;brave_brave-core:browser/resources/settings/brave_ipfs_page/add_ipfs_peer_dialog.ts;AYPTw5kKBQUzNK12OxDs;add_ipfs_peer_dialog.ts;browser/resources/settings/brave_ipfs_page/add_ipfs_peer_dialog.ts;browser/resources/settings/brave_ipfs_page/add_ipfs_peer_dialog.ts
brave;brave_brave-core:components/brave_extension/extension/brave_extension/content_element_picker.ts;AXjwINs2tesEcbWBnPB0;content_element_picker.ts;components/brave_extension/extension/brave_extension/content_element_picker.ts;components/brave_extension/extension/brave_extension/content_element_picker.ts
brave;brave_brave-core:LICENSE.html;AXCqlRlmsJcONJe09tad;LICENSE.html;LICENSE.html;LICENSE.html
brave;brave_brave-core:components/brave_rewards/resources/ui/components/tableContribute/index.tsx;AXCqlRlisJcONJe09tJ6;index.tsx;components/brave_rewards/resources/ui/components/tableContribute/index.tsx;components/brave_rewards/resources/ui/components/tableContribute/index.tsx
brave;brave_brave-core:components/brave_extension/extension/brave_extension/elementPicker.html;AXjwINs2tesEcbWBnPB1;elementPicker.html;components/brave_extension/extension/brave_extension/elementPicker.html;components/brave_extension/extension/brave_extension/elementPicker.html
brave;brave_brave-core:browser/resources/settings/brave_clear_browsing_data_dialog/brave_clear_browsing_data_on_exit_page.ts;AYPTw5kKBQUzNK12OxDw;brave_clear_browsing_data_on_exit_page.ts;browser/resources/settings/brave_clear_browsing_data_dialog/brave_clear_browsing_data_on_exit_page.ts;browser/resources/settings/brave_clear_browsing_data_dialog/brave_clear_browsing_data_on_exit_page.ts
brave;brave_brave-core:components/brave_new_tab_ui/components/default/settings/index.ts;AXCqlRlksJcONJe09tQW;index.ts;components/brave_new_tab_ui/components/default/settings/index.ts;components/brave_new_tab_ui/components/default/settings/index.ts
brave;brave_brave-core:browser/resources/settings/brave_appearance_page/brave_appearance_browser_proxy.js;AXCqlRllsJcONJe09tU2;brave_appearance_browser_proxy.js;browser/resources/settings/brave_appearance_page/brave_appearance_browser_proxy.js;browser/resources/settings/brave_appearance_page/brave_appearance_browser_proxy.js
brave;brave_brave-core:browser/resources/settings/brave_appearance_page/toolbar.html;AXJS366aAbkpwtZw025I;toolbar.html;browser/resources/settings/brave_appearance_page/toolbar.html;browser/resources/settings/brave_appearance_page/toolbar.html
brave;brave_brave-core:components/brave_rewards/resources/ui/components/checkout/useWalletPanel/index.tsx;AXFV2_M2nRxONe_FABdh;index.tsx;components/brave_rewards/resources/ui/components/checkout/useWalletPanel/index.tsx;components/brave_rewards/resources/ui/components/checkout/useWalletPanel/index.tsx
brave;brave_brave-core:browser/resources/settings/brave_appearance_page/brave_theme.html;AXJS366aAbkpwtZw025E;brave_theme.html;browser/resources/settings/brave_appearance_page/brave_theme.html;browser/resources/settings/brave_appearance_page/brave_theme.html
brave;brave_brave-core:browser/resources/settings/brave_appearance_page/brave_theme.js;AXJS366aAbkpwtZw025H;brave_theme.js;browser/resources/settings/brave_appearance_page/brave_theme.js;browser/resources/settings/brave_appearance_page/brave_theme.js
brave;brave_brave-core:browser/resources/settings/brave_appearance_page/super_referral.js;AXJS366aAbkpwtZw025G;super_referral.js;browser/resources/settings/brave_appearance_page/super_referral.js;browser/resources/settings/brave_appearance_page/super_referral.js
brave;brave_brave-core:components/brave_webtorrent/extension/brave_webtorrent2.html;AXCqlRlksJcONJe09tUA;brave_webtorrent2.html;components/brave_webtorrent/extension/brave_webtorrent2.html;components/brave_webtorrent/extension/brave_webtorrent2.html
brave;brave_brave-core;AXCNaxlK3t17ABGUIeSN;brave-core;brave-core;
brave;brave_brave-core:browser/resources/settings/brave_privacy_page/brave_privacy_page_browser_proxy.js;AXCqlRllsJcONJe09tU6;brave_privacy_page_browser_proxy.js;browser/resources/settings/brave_privacy_page/brave_privacy_page_browser_proxy.js;browser/resources/settings/brave_privacy_page/brave_privacy_page_browser_proxy.js
brave;brave_brave-core:components/brave_rewards/resources/ui/components/checkout/addFundsPanel/index.tsx;AXFV2_M2nRxONe_FABdQ;index.tsx;components/brave_rewards/resources/ui/components/checkout/addFundsPanel/index.tsx;components/brave_rewards/resources/ui/components/checkout/addFundsPanel/index.tsx
brave;brave_brave-core:components/brave_rewards/resources/ui/components/checkout/creditCardForm/icons.tsx;AXFV2_M2nRxONe_FABdS;icons.tsx;components/brave_rewards/resources/ui/components/checkout/creditCardForm/icons.tsx;components/brave_rewards/resources/ui/components/checkout/creditCardForm/icons.tsx
brave;brave_brave-core:components/brave_rewards/resources/ui/components/box/index.tsx;AXCqlRljsJcONJe09tKw;index.tsx;components/brave_rewards/resources/ui/components/box/index.tsx;components/brave_rewards/resources/ui/components/box/index.tsx
brave;brave_brave-core:build/mac/tweak_info_plist.py;AXCqlRlmsJcONJe09tZw;tweak_info_plist.py;build/mac/tweak_info_plist.py;build/mac/tweak_info_plist.py
brave;brave_brave-core:components/brave_rewards/resources/page/components/monthlyTipsBox.tsx;AX9ckI8haxim0QyEWiv2;monthlyTipsBox.tsx;components/brave_rewards/resources/page/components/monthlyTipsBox.tsx;components/brave_rewards/resources/page/components/monthlyTipsBox.tsx
brave;brave_brave-core:build/mac/notarize_dmg_pkg.py;AXCqlRlmsJcONJe09tZv;notarize_dmg_pkg.py;build/mac/notarize_dmg_pkg.py;build/mac/notarize_dmg_pkg.py
brave;brave_brave-core:components/brave_rewards/resources/tip/components/bat_tip_form.tsx;AXj03wFbHdM9ii50m-d9;bat_tip_form.tsx;components/brave_rewards/resources/tip/components/bat_tip_form.tsx;components/brave_rewards/resources/tip/components/bat_tip_form.tsx
brave;brave_brave-core:components/brave_webtorrent/extension/brave_webtorrent.html;AXCqlRlksJcONJe09tT1;brave_webtorrent.html;components/brave_webtorrent/extension/brave_webtorrent.html;components/brave_webtorrent/extension/brave_webtorrent.html
brave;brave_brave-core:tools/win/generate_breakpad_symbols.py;AXCqlRlmsJcONJe09tZq;generate_breakpad_symbols.py;tools/win/generate_breakpad_symbols.py;tools/win/generate_breakpad_symbols.py
brave;brave_brave-core:script/json2xunit.py;AXk37zU1aNlh6LJaq8gX;json2xunit.py;script/json2xunit.py;script/json2xunit.py
brave;brave_brave-core:tools/posix/generate_breakpad_symbols.py;AXCqlRlmsJcONJe09tZo;generate_breakpad_symbols.py;tools/posix/generate_breakpad_symbols.py;tools/posix/generate_breakpad_symbols.py
brave;brave_brave-core:browser/resources/settings/brave_sync_page/brave_sync_code_dialog.html;AXKloVoI0rSTtTOsqjdY;brave_sync_code_dialog.html;browser/resources/settings/brave_sync_page/brave_sync_code_dialog.html;browser/resources/settings/brave_sync_page/brave_sync_code_dialog.html
brave;brave_brave-core:components/brave_rewards/resources/ui/components/modalBackupRestore/index.tsx;AXCqlRlisJcONJe09tJp;index.tsx;components/brave_rewards/resources/ui/components/modalBackupRestore/index.tsx;components/brave_rewards/resources/ui/components/modalBackupRestore/index.tsx
brave;brave_brave-core:components/brave_extension/extension/brave_extension/background/greaselion.ts;AXW1fKYPBZjzhiF7dUH_;greaselion.ts;components/brave_extension/extension/brave_extension/background/greaselion.ts;components/brave_extension/extension/brave_extension/background/greaselion.ts
brave;brave_brave-core:browser/resources/settings/getting_started_page/getting_started.html;AXMNEllXqcmg9QUSnttk;getting_started.html;browser/resources/settings/getting_started_page/getting_started.html;browser/resources/settings/getting_started_page/getting_started.html
brave;brave_brave-core:components/webcompat_reporter/ui/webcompat_reporter.html;AXCqlRlksJcONJe09tSa;webcompat_reporter.html;components/webcompat_reporter/ui/webcompat_reporter.html;components/webcompat_reporter/ui/webcompat_reporter.html
brave;brave_brave-core:script/generate_licenses.py;AXIQuisHjfqyTqkXY_fO;generate_licenses.py;script/generate_licenses.py;script/generate_licenses.py
brave;brave_brave-core:components/brave_welcome_ui/brave_welcome.html;AXCqlRlksJcONJe09tSW;brave_welcome.html;components/brave_welcome_ui/brave_welcome.html;components/brave_welcome_ui/brave_welcome.html
brave;brave_brave-core:components/brave_new_tab_ui/components/default/cryptoDotCom/style.ts;AXUVbw85FzbJ6oTvtB3h;style.ts;components/brave_new_tab_ui/components/default/cryptoDotCom/style.ts;components/brave_new_tab_ui/components/default/cryptoDotCom/style.ts
brave;brave_brave-core:components/brave_welcome_ui/stories/page/index.tsx;AXCqlRlksJcONJe09tRx;index.tsx;components/brave_welcome_ui/stories/page/index.tsx;components/brave_welcome_ui/stories/page/index.tsx
brave;brave_brave-core:components/brave_wallet_ui/panel/container.tsx;AXlc9PsWJMyDOHohwGT_;container.tsx;components/brave_wallet_ui/panel/container.tsx;components/brave_wallet_ui/panel/container.tsx
brave;brave_brave-core:components/brave_wallet_ui/components/buy-send-swap/buy-send-swap-layout/buy-send-swap-layout.style.ts;AYL6uBmg0EYEwXgEUZ5Z;buy-send-swap-layout.style.ts;components/brave_wallet_ui/components/buy-send-swap/buy-send-swap-layout/buy-send-swap-layout.style.ts;components/brave_wallet_ui/components/buy-send-swap/buy-send-swap-layout/buy-send-swap-layout.style.ts
